timestamp,frame_index,episode_index,index,task_index,_source_file,action.0,action.1,action.2,action.3,action.4,action.5,observation.state.0,observation.state.1,observation.state.2,observation.state.3,observation.state.4,observation.state.5
0.0,0,0,0,0,data\chunk-000\file-000.parquet,-11.164835,-106.32967,98.32967,-98.41758,-10.945055,8.054227,-11.076923,-106.72527,96.74725,-98.28571,-10.857142,8.179582
0.033333335,1,0,1,0,data\chunk-000\file-000.parquet,-11.164835,-106.32967,98.32967,-98.41758,-10.945055,8.054227,-11.076923,-106.72527,96.74725,-98.28571,-10.857142,8.179582
0.06666667,2,0,2,0,data\chunk-000\file-000.parquet,-11.164835,-106.32967,98.32967,-98.41758,-10.945055,8.054227,-11.076923,-106.72527,96.74725,-98.28571,-10.857142,8.179582
0.1,3,0,3,0,data\chunk-000\file-000.parquet,-11.164835,-106.32967,98.32967,-98.41758,-10.945055,8.054227,-11.076923,-106.72527,96.74725,-98.28571,-10.857142,8.179582
0.13333334,4,0,4,0,data\chunk-000\file-000.parquet,-11.164835,-106.32967,98.32967,-98.41758,-10.945055,8.054227,-11.076923,-106.72527,96.74725,-98.28571,-10.857142,8.179582
0.16666667,5,0,5,0,data\chunk-000\file-000.parquet,-11.164835,-106.32967,98.32967,-98.41758,-10.945055,8.054227,-11.076923,-106.72527,96.74725,-98.28571,-10.857142,8.179582
0.2,6,0,6,0,data\chunk-000\file-000.parquet,-11.164835,-106.32967,98.32967,-98.41758,-10.945055,8.054227,-11.076923,-106.72527,96.74725,-98.28571,-10.857142,8.179582
0.23333333,7,0,7,0,data\chunk-000\file-000.parquet,-11.164835,-106.32967,98.32967,-98.41758,-10.945055,8.054227,-11.076923,-106.72527,96.74725,-98.28571,-10.857142,8.179582
0.26666668,8,0,8,0,data\chunk-000\file-000.parquet,-11.164835,-106.32967,98.32967,-98.41758,-10.945055,8.054227,-11.076923,-106.72527,96.74725,-98.28571,-10.857142,8.179582
0.3,9,0,9,0,data\chunk-000\file-000.parquet,-11.164835,-106.32967,98.32967,-98.41758,-10.945055,8.054227,-11.076923,-106.72527,96.74725,-98.28571,-10.857142,8.179582
0.33333334,10,0,10,0,data\chunk-000\file-000.parquet,-11.164835,-106.32967,98.32967,-98.41758,-10.945055,8.054227,-11.076923,-106.72527,96.74725,-98.28571,-10.857142,8.179582
0.36666667,11,0,11,0,data\chunk-000\file-000.parquet,-11.164835,-106.32967,98.32967,-98.41758,-10.945055,8.054227,-11.076923,-106.72527,96.74725,-98.28571,-10.857142,8.179582
0.4,12,0,12,0,data\chunk-000\file-000.parquet,-11.164835,-106.32967,98.32967,-98.41758,-10.945055,8.054227,-11.076923,-106.72527,96.74725,-98.28571,-10.857142,8.179582
0.43333334,13,0,13,0,data\chunk-000\file-000.parquet,-11.164835,-106.32967,98.32967,-98.41758,-10.945055,8.054227,-11.076923,-106.72527,96.74725,-98.28571,-10.857142,8.179582
0.46666667,14,0,14,0,data\chunk-000\file-000.parquet,-11.164835,-106.32967,98.32967,-98.41758,-10.945055,8.054227,-11.076923,-106.72527,96.74725,-98.28571,-10.857142,8.179582
0.5,15,0,15,0,data\chunk-000\file-000.parquet,-11.164835,-106.32967,98.32967,-98.41758,-10.945055,8.054227,-11.076923,-106.72527,96.74725,-98.28571,-10.857142,8.179582
0.53333336,16,0,16,0,data\chunk-000\file-000.parquet,-11.164835,-106.32967,98.32967,-98.41758,-10.945055,8.054227,-11.076923,-106.72527,96.74725,-98.28571,-10.857142,8.179582
0.56666666,17,0,17,0,data\chunk-000\file-000.parquet,-11.164835,-106.32967,98.32967,-98.41758,-10.945055,8.054227,-11.076923,-106.72527,96.74725,-98.28571,-10.857142,8.179582
0.6,18,0,18,0,data\chunk-000\file-000.parquet,-11.164835,-106.32967,98.32967,-98.41758,-10.945055,8.054227,-11.076923,-106.72527,96.74725,-98.28571,-10.857142,8.179582
0.6333333,19,0,19,0,data\chunk-000\file-000.parquet,-11.164835,-106.32967,98.32967,-98.41758,-10.945055,8.054227,-11.076923,-106.72527,96.74725,-98.28571,-10.857142,8.179582
0.6666667,20,0,20,0,data\chunk-000\file-000.parquet,-11.164835,-106.32967,98.32967,-98.41758,-10.945055,8.054227,-11.076923,-106.72527,96.74725,-98.28571,-10.857142,8.179582
0.7,21,0,21,0,data\chunk-000\file-000.parquet,-11.164835,-106.32967,98.32967,-98.41758,-10.945055,8.054227,-11.076923,-106.72527,96.74725,-98.28571,-10.857142,8.179582
0.73333335,22,0,22,0,data\chunk-000\file-000.parquet,-11.164835,-106.32967,98.32967,-98.41758,-10.945055,8.054227,-11.076923,-106.72527,96.74725,-98.28571,-10.857142,8.179582
0.76666665,23,0,23,0,data\chunk-000\file-000.parquet,-11.164835,-106.32967,98.32967,-98.41758,-10.945055,8.054227,-11.076923,-106.72527,96.74725,-98.28571,-10.857142,8.179582
0.8,24,0,24,0,data\chunk-000\file-000.parquet,-11.164835,-106.32967,98.32967,-98.41758,-10.945055,8.054227,-11.076923,-106.72527,96.74725,-98.28571,-10.857142,8.179582
0.8333333,25,0,25,0,data\chunk-000\file-000.parquet,-11.164835,-106.32967,98.32967,-98.41758,-10.945055,8.054227,-11.076923,-106.72527,96.74725,-98.28571,-10.857142,8.179582
0.8666667,26,0,26,0,data\chunk-000\file-000.parquet,-11.164835,-106.32967,98.32967,-98.41758,-10.945055,8.054227,-11.076923,-106.72527,96.74725,-98.28571,-10.857142,8.179582
0.9,27,0,27,0,data\chunk-000\file-000.parquet,-11.164835,-106.32967,98.32967,-98.41758,-10.945055,8.054227,-11.076923,-106.72527,96.74725,-98.28571,-10.857142,8.179582
0.93333334,28,0,28,0,data\chunk-000\file-000.parquet,-11.164835,-106.32967,98.32967,-98.41758,-10.945055,8.054227,-11.076923,-106.72527,96.74725,-98.28571,-10.857142,8.179582
0.96666664,29,0,29,0,data\chunk-000\file-000.parquet,-11.164835,-106.32967,98.32967,-98.41758,-10.945055,8.054227,-11.076923,-106.72527,96.74725,-98.28571,-10.857142,8.179582
1.0,30,0,30,0,data\chunk-000\file-000.parquet,-11.164835,-106.32967,98.32967,-98.41758,-10.945055,8.054227,-11.076923,-106.72527,96.74725,-98.28571,-10.857142,8.179582
1.0333333,31,0,31,0,data\chunk-000\file-000.parquet,-11.164835,-106.32967,98.32967,-98.41758,-10.945055,8.054227,-11.076923,-106.72527,96.74725,-98.28571,-10.857142,8.179582
1.0666667,32,0,32,0,data\chunk-000\file-000.parquet,-11.164835,-106.32967,98.32967,-98.41758,-10.945055,8.054227,-11.076923,-106.72527,96.74725,-98.28571,-10.857142,8.179582
1.1,33,0,33,0,data\chunk-000\file-000.parquet,-11.164835,-106.32967,98.32967,-98.41758,-10.945055,8.054227,-11.076923,-106.72527,96.74725,-98.28571,-10.857142,8.179582
1.1333333,34,0,34,0,data\chunk-000\file-000.parquet,-11.164835,-106.32967,98.32967,-98.41758,-10.945055,8.054227,-11.076923,-106.72527,96.74725,-98.28571,-10.857142,8.179582
1.1666666,35,0,35,0,data\chunk-000\file-000.parquet,-11.164835,-106.32967,98.32967,-98.41758,-10.945055,8.054227,-11.076923,-106.72527,96.74725,-98.28571,-10.857142,8.179582
1.2,36,0,36,0,data\chunk-000\file-000.parquet,-11.164835,-106.32967,98.32967,-98.41758,-10.945055,8.054227,-11.076923,-106.72527,96.74725,-98.28571,-10.857142,8.179582
1.2333333,37,0,37,0,data\chunk-000\file-000.parquet,-11.164835,-106.32967,98.32967,-98.41758,-10.945055,8.054227,-11.076923,-106.72527,96.74725,-98.28571,-10.857142,8.179582
1.2666667,38,0,38,0,data\chunk-000\file-000.parquet,-11.164835,-106.32967,98.32967,-98.41758,-10.945055,8.054227,-11.076923,-106.72527,96.74725,-98.28571,-10.857142,8.179582
1.3,39,0,39,0,data\chunk-000\file-000.parquet,-11.164835,-106.32967,98.32967,-98.41758,-10.945055,8.054227,-11.076923,-106.72527,96.74725,-98.28571,-10.857142,8.179582
1.3333334,40,0,40,0,data\chunk-000\file-000.parquet,-11.164835,-106.32967,98.32967,-98.41758,-10.945055,8.054227,-11.076923,-106.72527,96.74725,-98.28571,-10.857142,8.179582
1.3666667,41,0,41,0,data\chunk-000\file-000.parquet,-11.164835,-106.32967,98.32967,-98.41758,-10.945055,8.054227,-11.076923,-106.72527,96.74725,-98.28571,-10.857142,8.179582
1.4,42,0,42,0,data\chunk-000\file-000.parquet,-11.164835,-106.32967,98.32967,-98.41758,-10.945055,8.054227,-11.076923,-106.72527,96.74725,-98.28571,-10.857142,8.179582
1.4333333,43,0,43,0,data\chunk-000\file-000.parquet,-11.164835,-106.32967,98.32967,-98.41758,-10.945055,8.054227,-11.076923,-106.72527,96.74725,-98.28571,-10.857142,8.179582
1.4666667,44,0,44,0,data\chunk-000\file-000.parquet,-11.164835,-106.32967,98.32967,-98.41758,-10.945055,8.054227,-11.076923,-106.72527,96.74725,-98.28571,-10.857142,8.179582
1.5,45,0,45,0,data\chunk-000\file-000.parquet,-11.164835,-106.32967,98.32967,-98.41758,-10.945055,8.054227,-11.076923,-106.72527,96.74725,-98.28571,-10.857142,8.179582
1.5333333,46,0,46,0,data\chunk-000\file-000.parquet,-11.164835,-106.32967,98.32967,-98.41758,-10.945055,8.054227,-11.076923,-106.72527,96.74725,-98.28571,-10.857142,8.179582
1.5666667,47,0,47,0,data\chunk-000\file-000.parquet,-11.164835,-106.32967,98.32967,-98.41758,-10.945055,8.054227,-11.076923,-106.72527,96.74725,-98.28571,-10.857142,8.179582
1.6,48,0,48,0,data\chunk-000\file-000.parquet,-11.164835,-106.32967,98.32967,-98.41758,-10.945055,8.054227,-11.076923,-106.72527,96.74725,-98.28571,-10.857142,8.179582
1.6333333,49,0,49,0,data\chunk-000\file-000.parquet,-11.164835,-106.32967,98.32967,-98.41758,-10.945055,8.054227,-11.076923,-106.72527,96.74725,-98.28571,-10.857142,8.179582
1.6666666,50,0,50,0,data\chunk-000\file-000.parquet,-11.164835,-106.32967,98.32967,-98.41758,-10.945055,8.054227,-11.076923,-106.72527,96.74725,-98.28571,-10.857142,8.179582
1.7,51,0,51,0,data\chunk-000\file-000.parquet,-11.164835,-106.32967,98.32967,-98.41758,-10.945055,8.054227,-11.076923,-106.72527,96.74725,-98.28571,-10.857142,8.179582
1.7333333,52,0,52,0,data\chunk-000\file-000.parquet,-11.164835,-106.32967,98.32967,-98.41758,-10.945055,8.054227,-11.076923,-106.72527,96.74725,-98.28571,-10.857142,8.179582
1.7666667,53,0,53,0,data\chunk-000\file-000.parquet,-11.164835,-106.32967,98.32967,-98.41758,-10.945055,8.054227,-11.076923,-106.72527,96.74725,-98.28571,-10.857142,8.179582
1.8,54,0,54,0,data\chunk-000\file-000.parquet,-11.164835,-106.32967,98.32967,-98.41758,-10.945055,8.054227,-11.076923,-106.72527,96.74725,-98.28571,-10.857142,8.179582
1.8333334,55,0,55,0,data\chunk-000\file-000.parquet,-11.164835,-106.32967,98.32967,-98.41758,-10.945055,8.054227,-11.076923,-106.72527,96.74725,-98.28571,-10.857142,8.179582
1.8666667,56,0,56,0,data\chunk-000\file-000.parquet,-11.164835,-106.32967,98.32967,-98.41758,-10.945055,8.054227,-11.076923,-106.72527,96.74725,-98.28571,-10.857142,8.179582
1.9,57,0,57,0,data\chunk-000\file-000.parquet,-11.164835,-106.32967,98.32967,-98.41758,-10.945055,8.054227,-11.076923,-106.72527,96.74725,-98.28571,-10.857142,8.179582
1.9333333,58,0,58,0,data\chunk-000\file-000.parquet,-11.164835,-106.32967,98.32967,-98.41758,-10.945055,8.054227,-11.076923,-106.72527,96.74725,-98.28571,-10.857142,8.179582
1.9666667,59,0,59,0,data\chunk-000\file-000.parquet,-11.164835,-106.32967,98.32967,-98.41758,-10.945055,8.054227,-11.076923,-106.72527,96.74725,-98.28571,-10.857142,8.179582
2.0,60,0,60,0,data\chunk-000\file-000.parquet,-11.164835,-106.32967,98.32967,-98.41758,-10.945055,8.054227,-11.076923,-106.72527,96.74725,-98.28571,-10.857142,8.179582
2.0333333,61,0,61,0,data\chunk-000\file-000.parquet,-11.164835,-106.32967,98.32967,-98.41758,-10.945055,8.054227,-11.076923,-106.72527,96.74725,-98.28571,-10.857142,8.179582
2.0666666,62,0,62,0,data\chunk-000\file-000.parquet,-11.164835,-106.32967,98.32967,-98.41758,-10.945055,8.054227,-11.076923,-106.72527,96.74725,-98.28571,-10.857142,8.179582
2.1,63,0,63,0,data\chunk-000\file-000.parquet,-11.164835,-106.32967,98.32967,-98.41758,-10.945055,8.054227,-11.076923,-106.72527,96.74725,-98.28571,-10.857142,8.179582
2.1333334,64,0,64,0,data\chunk-000\file-000.parquet,-11.164835,-106.32967,98.32967,-98.41758,-10.945055,8.054227,-11.076923,-106.72527,96.74725,-98.28571,-10.857142,8.179582
2.1666667,65,0,65,0,data\chunk-000\file-000.parquet,-11.164835,-106.32967,98.32967,-98.41758,-10.945055,8.054227,-11.076923,-106.72527,96.74725,-98.28571,-10.857142,8.179582
2.2,66,0,66,0,data\chunk-000\file-000.parquet,-11.164835,-106.32967,98.32967,-98.41758,-10.945055,8.054227,-11.076923,-106.72527,96.74725,-98.28571,-10.857142,8.179582
2.2333333,67,0,67,0,data\chunk-000\file-000.parquet,-11.164835,-106.32967,98.32967,-98.41758,-10.945055,8.054227,-11.076923,-106.72527,96.74725,-98.28571,-10.857142,8.179582
2.2666667,68,0,68,0,data\chunk-000\file-000.parquet,-11.164835,-106.32967,98.32967,-98.41758,-10.945055,8.054227,-11.076923,-106.72527,96.74725,-98.28571,-10.857142,8.179582
2.3,69,0,69,0,data\chunk-000\file-000.parquet,-11.164835,-106.32967,98.32967,-98.41758,-10.945055,8.054227,-11.076923,-106.72527,96.74725,-98.28571,-10.857142,8.179582
2.3333333,70,0,70,0,data\chunk-000\file-000.parquet,-11.164835,-106.32967,98.32967,-98.41758,-10.945055,8.054227,-11.076923,-106.72527,96.74725,-98.28571,-10.857142,8.179582
2.3666666,71,0,71,0,data\chunk-000\file-000.parquet,-11.164835,-106.32967,98.32967,-98.41758,-10.945055,8.054227,-11.076923,-106.72527,96.74725,-98.28571,-10.857142,8.179582
2.4,72,0,72,0,data\chunk-000\file-000.parquet,-11.164835,-106.32967,98.32967,-98.41758,-10.945055,8.054227,-11.076923,-106.72527,96.74725,-98.28571,-10.857142,8.179582
2.4333334,73,0,73,0,data\chunk-000\file-000.parquet,-11.164835,-106.32967,98.32967,-98.41758,-10.945055,8.054227,-11.076923,-106.72527,96.74725,-98.28571,-10.857142,8.179582
2.4666667,74,0,74,0,data\chunk-000\file-000.parquet,-11.164835,-106.32967,98.32967,-98.41758,-10.945055,8.054227,-11.076923,-106.72527,96.74725,-98.28571,-10.857142,8.179582
2.5,75,0,75,0,data\chunk-000\file-000.parquet,-11.164835,-106.32967,98.32967,-98.41758,-10.945055,8.054227,-11.076923,-106.72527,96.74725,-98.28571,-10.857142,8.179582
2.5333333,76,0,76,0,data\chunk-000\file-000.parquet,-11.164835,-106.32967,98.32967,-98.41758,-10.945055,8.054227,-11.076923,-106.72527,96.74725,-98.28571,-10.857142,8.179582
2.5666666,77,0,77,0,data\chunk-000\file-000.parquet,-11.164835,-106.32967,98.32967,-98.41758,-10.945055,8.054227,-11.076923,-106.72527,96.74725,-98.28571,-10.857142,8.179582
2.6,78,0,78,0,data\chunk-000\file-000.parquet,-11.164835,-106.32967,98.32967,-98.41758,-10.945055,8.054227,-11.076923,-106.72527,96.74725,-98.28571,-10.857142,8.179582
2.6333334,79,0,79,0,data\chunk-000\file-000.parquet,-11.164835,-106.32967,98.32967,-98.41758,-10.945055,8.054227,-11.076923,-106.72527,96.74725,-98.28571,-10.857142,8.179582
2.6666667,80,0,80,0,data\chunk-000\file-000.parquet,-11.164835,-106.32967,98.32967,-98.41758,-10.945055,8.054227,-11.076923,-106.72527,96.74725,-98.28571,-10.857142,8.179582
2.7,81,0,81,0,data\chunk-000\file-000.parquet,-11.164835,-106.32967,98.32967,-98.41758,-10.945055,8.054227,-11.076923,-106.72527,96.74725,-98.28571,-10.857142,8.179582
2.7333333,82,0,82,0,data\chunk-000\file-000.parquet,-11.164835,-106.32967,98.32967,-98.41758,-10.945055,8.054227,-11.076923,-106.72527,96.74725,-98.28571,-10.857142,8.179582
2.7666667,83,0,83,0,data\chunk-000\file-000.parquet,-11.164835,-106.32967,98.32967,-98.41758,-10.945055,8.054227,-11.076923,-106.72527,96.74725,-98.28571,-10.857142,8.179582
2.8,84,0,84,0,data\chunk-000\file-000.parquet,-11.164835,-106.32967,98.32967,-98.41758,-10.945055,8.054227,-11.076923,-106.72527,96.74725,-98.28571,-10.857142,8.179582
2.8333333,85,0,85,0,data\chunk-000\file-000.parquet,-11.164835,-106.32967,98.32967,-98.41758,-10.945055,8.054227,-11.076923,-106.72527,96.74725,-98.28571,-10.857142,8.179582
2.8666666,86,0,86,0,data\chunk-000\file-000.parquet,-11.164835,-106.32967,98.32967,-98.41758,-10.945055,8.054227,-11.076923,-106.72527,96.74725,-98.28571,-10.857142,8.179582
2.9,87,0,87,0,data\chunk-000\file-000.parquet,-11.164835,-106.32967,98.32967,-98.41758,-10.945055,8.054227,-11.076923,-106.72527,96.74725,-98.28571,-10.857142,8.179582
2.9333334,88,0,88,0,data\chunk-000\file-000.parquet,-11.164835,-106.32967,98.32967,-98.41758,-10.945055,8.054227,-11.076923,-106.72527,96.74725,-98.28571,-10.857142,8.179582
2.9666667,89,0,89,0,data\chunk-000\file-000.parquet,-11.164835,-106.32967,98.32967,-98.41758,-10.945055,8.054227,-11.076923,-106.72527,96.74725,-98.28571,-10.857142,8.179582
3.0,90,0,90,0,data\chunk-000\file-000.parquet,-11.164835,-106.32967,98.32967,-98.41758,-10.945055,8.054227,-11.076923,-106.72527,96.74725,-98.28571,-10.857142,8.179582
3.0333333,91,0,91,0,data\chunk-000\file-000.parquet,-11.164835,-106.32967,98.32967,-98.41758,-10.945055,8.054227,-11.076923,-106.72527,96.74725,-98.28571,-10.857142,8.179582
3.0666666,92,0,92,0,data\chunk-000\file-000.parquet,-11.164835,-106.32967,98.32967,-98.41758,-10.945055,8.054227,-11.076923,-106.72527,96.74725,-98.28571,-10.857142,8.179582
3.1,93,0,93,0,data\chunk-000\file-000.parquet,-11.164835,-106.32967,98.32967,-98.41758,-10.945055,8.054227,-11.076923,-106.72527,96.74725,-98.28571,-10.857142,8.179582
3.1333334,94,0,94,0,data\chunk-000\file-000.parquet,-11.164835,-106.32967,98.32967,-98.41758,-10.945055,8.054227,-11.076923,-106.72527,96.74725,-98.28571,-10.857142,8.179582
3.1666667,95,0,95,0,data\chunk-000\file-000.parquet,-11.164835,-106.32967,98.32967,-98.41758,-10.945055,8.054227,-11.076923,-106.72527,96.74725,-98.28571,-10.857142,8.179582
3.2,96,0,96,0,data\chunk-000\file-000.parquet,-11.164835,-106.32967,98.32967,-98.41758,-10.945055,8.054227,-11.076923,-106.72527,96.74725,-98.28571,-10.857142,8.179582
3.2333333,97,0,97,0,data\chunk-000\file-000.parquet,-11.164835,-106.32967,98.32967,-98.41758,-10.945055,8.054227,-11.076923,-106.72527,96.74725,-98.28571,-10.857142,8.179582
3.2666667,98,0,98,0,data\chunk-000\file-000.parquet,-11.164835,-106.32967,98.32967,-98.41758,-10.945055,8.054227,-11.076923,-106.72527,96.74725,-98.28571,-10.857142,8.179582
3.3,99,0,99,0,data\chunk-000\file-000.parquet,-11.164835,-106.32967,98.32967,-98.41758,-10.945055,8.054227,-11.076923,-106.72527,96.74725,-98.28571,-10.857142,8.179582
3.3333333,100,0,100,0,data\chunk-000\file-000.parquet,-11.164835,-106.32967,98.32967,-98.41758,-10.945055,8.054227,-11.076923,-106.72527,96.74725,-98.28571,-10.857142,8.179582
3.3666666,101,0,101,0,data\chunk-000\file-000.parquet,-11.164835,-106.32967,98.32967,-98.41758,-10.945055,8.054227,-11.076923,-106.72527,96.74725,-98.28571,-10.857142,8.179582
3.4,102,0,102,0,data\chunk-000\file-000.parquet,-11.164835,-106.32967,98.32967,-98.41758,-10.945055,8.054227,-11.076923,-106.72527,96.74725,-98.28571,-10.857142,8.179582
3.4333334,103,0,103,0,data\chunk-000\file-000.parquet,-11.164835,-106.32967,98.32967,-98.41758,-10.945055,8.054227,-11.076923,-106.72527,96.74725,-98.28571,-10.857142,8.179582
3.4666667,104,0,104,0,data\chunk-000\file-000.parquet,-11.164835,-106.32967,98.32967,-98.41758,-10.945055,8.054227,-11.076923,-106.72527,96.74725,-98.28571,-10.857142,8.179582
3.5,105,0,105,0,data\chunk-000\file-000.parquet,-11.164835,-106.32967,98.32967,-98.41758,-10.945055,8.054227,-11.076923,-106.72527,96.74725,-98.28571,-10.857142,8.179582
3.5333333,106,0,106,0,data\chunk-000\file-000.parquet,-11.164835,-106.32967,98.32967,-98.41758,-10.945055,8.054227,-11.076923,-106.72527,96.74725,-98.28571,-10.857142,8.179582
3.5666666,107,0,107,0,data\chunk-000\file-000.parquet,-11.164835,-106.32967,98.32967,-98.41758,-10.945055,8.054227,-11.076923,-106.72527,96.74725,-98.28571,-10.857142,8.179582
3.6,108,0,108,0,data\chunk-000\file-000.parquet,-11.164835,-106.32967,98.32967,-98.41758,-10.945055,8.054227,-11.076923,-106.72527,96.74725,-98.28571,-10.857142,8.179582
3.6333334,109,0,109,0,data\chunk-000\file-000.parquet,-11.164835,-106.32967,98.32967,-98.41758,-10.945055,8.054227,-11.076923,-106.72527,96.74725,-98.28571,-10.857142,8.179582
3.6666667,110,0,110,0,data\chunk-000\file-000.parquet,-11.164835,-106.32967,98.32967,-98.41758,-10.945055,8.054227,-11.076923,-106.72527,96.74725,-98.28571,-10.857142,8.179582
3.7,111,0,111,0,data\chunk-000\file-000.parquet,-11.164835,-106.32967,98.32967,-98.41758,-10.945055,8.054227,-11.076923,-106.72527,96.74725,-98.28571,-10.857142,8.179582
3.7333333,112,0,112,0,data\chunk-000\file-000.parquet,-11.164835,-106.32967,98.32967,-98.41758,-10.945055,8.054227,-11.076923,-106.72527,96.74725,-98.28571,-10.857142,8.179582
3.7666667,113,0,113,0,data\chunk-000\file-000.parquet,-11.164835,-106.32967,98.32967,-98.41758,-10.945055,8.054227,-11.076923,-106.72527,96.74725,-98.28571,-10.857142,8.179582
3.8,114,0,114,0,data\chunk-000\file-000.parquet,-11.164835,-106.32967,98.32967,-98.41758,-10.945055,8.054227,-11.076923,-106.72527,96.74725,-98.28571,-10.857142,8.179582
3.8333333,115,0,115,0,data\chunk-000\file-000.parquet,-11.164835,-106.32967,98.32967,-98.41758,-10.945055,8.054227,-11.076923,-106.72527,96.74725,-98.28571,-10.857142,8.179582
3.8666666,116,0,116,0,data\chunk-000\file-000.parquet,-11.164835,-106.32967,98.32967,-98.41758,-10.945055,8.054227,-11.076923,-106.72527,96.74725,-98.28571,-10.857142,8.179582
3.9,117,0,117,0,data\chunk-000\file-000.parquet,-11.164835,-106.32967,98.32967,-98.41758,-10.945055,8.054227,-11.076923,-106.72527,96.74725,-98.28571,-10.857142,8.179582
3.9333334,118,0,118,0,data\chunk-000\file-000.parquet,-11.164835,-106.32967,98.32967,-98.41758,-10.945055,8.054227,-11.076923,-106.72527,96.74725,-98.28571,-10.857142,8.179582
3.9666667,119,0,119,0,data\chunk-000\file-000.parquet,-11.164835,-106.32967,98.32967,-98.41758,-10.945055,8.054227,-11.076923,-106.72527,96.74725,-98.28571,-10.857142,8.179582
4.0,120,0,120,0,data\chunk-000\file-000.parquet,-11.164835,-106.32967,98.32967,-98.41758,-10.945055,8.054227,-11.076923,-106.72527,96.74725,-98.28571,-10.857142,8.179582
4.0333333,121,0,121,0,data\chunk-000\file-000.parquet,-11.164835,-106.32967,98.32967,-98.41758,-10.945055,8.054227,-11.076923,-106.72527,96.74725,-98.28571,-10.857142,8.179582
4.0666666,122,0,122,0,data\chunk-000\file-000.parquet,-11.164835,-106.32967,98.32967,-98.41758,-10.945055,8.054227,-11.076923,-106.72527,96.74725,-98.28571,-10.857142,8.179582
4.1,123,0,123,0,data\chunk-000\file-000.parquet,-11.164835,-106.32967,98.32967,-98.41758,-10.945055,8.054227,-11.076923,-106.72527,96.74725,-98.28571,-10.857142,8.179582
4.133333,124,0,124,0,data\chunk-000\file-000.parquet,-11.164835,-106.32967,98.32967,-98.41758,-10.945055,8.054227,-11.076923,-106.72527,96.74725,-98.28571,-10.857142,8.179582
4.1666665,125,0,125,0,data\chunk-000\file-000.parquet,-11.164835,-106.32967,98.32967,-98.41758,-10.945055,8.054227,-11.076923,-106.72527,96.74725,-98.28571,-10.857142,8.179582
4.2,126,0,126,0,data\chunk-000\file-000.parquet,-11.164835,-106.32967,98.32967,-98.41758,-10.945055,8.054227,-11.076923,-106.72527,96.74725,-98.28571,-10.857142,8.179582
4.233333,127,0,127,0,data\chunk-000\file-000.parquet,-11.164835,-106.32967,98.32967,-98.41758,-10.945055,8.054227,-11.076923,-106.72527,96.74725,-98.28571,-10.857142,8.179582
4.266667,128,0,128,0,data\chunk-000\file-000.parquet,-11.164835,-106.32967,98.32967,-98.41758,-10.945055,8.054227,-11.076923,-106.72527,96.74725,-98.28571,-10.857142,8.179582
4.3,129,0,129,0,data\chunk-000\file-000.parquet,-11.164835,-106.32967,98.32967,-98.41758,-10.945055,8.054227,-11.076923,-106.72527,96.74725,-98.28571,-10.857142,8.179582
4.3333335,130,0,130,0,data\chunk-000\file-000.parquet,-11.164835,-106.32967,98.32967,-98.41758,-10.945055,8.054227,-11.076923,-106.72527,96.74725,-98.28571,-10.857142,8.179582
4.366667,131,0,131,0,data\chunk-000\file-000.parquet,-11.164835,-106.32967,98.32967,-98.41758,-10.945055,8.054227,-11.076923,-106.72527,96.74725,-98.28571,-10.857142,8.179582
4.4,132,0,132,0,data\chunk-000\file-000.parquet,-11.164835,-106.32967,98.32967,-98.41758,-10.945055,8.054227,-11.076923,-106.72527,96.74725,-98.28571,-10.857142,8.179582
4.4333334,133,0,133,0,data\chunk-000\file-000.parquet,-11.164835,-106.32967,98.32967,-98.41758,-10.945055,8.054227,-11.076923,-106.72527,96.74725,-98.28571,-10.857142,8.179582
4.4666667,134,0,134,0,data\chunk-000\file-000.parquet,-11.164835,-106.32967,98.32967,-98.41758,-10.945055,8.054227,-11.076923,-106.72527,96.74725,-98.28571,-10.857142,8.179582
4.5,135,0,135,0,data\chunk-000\file-000.parquet,-11.164835,-106.32967,98.32967,-98.41758,-10.945055,8.054227,-11.076923,-106.72527,96.74725,-98.28571,-10.857142,8.179582
4.5333333,136,0,136,0,data\chunk-000\file-000.parquet,-11.164835,-106.32967,98.32967,-98.41758,-10.945055,8.054227,-11.076923,-106.72527,96.74725,-98.28571,-10.857142,8.179582
4.5666666,137,0,137,0,data\chunk-000\file-000.parquet,-11.164835,-106.32967,98.32967,-98.41758,-10.945055,8.054227,-11.076923,-106.72527,96.74725,-98.28571,-10.857142,8.179582
4.6,138,0,138,0,data\chunk-000\file-000.parquet,-11.252748,-106.32967,98.32967,-98.41758,-10.945055,8.054227,-11.076923,-106.72527,96.74725,-98.28571,-10.857142,8.179582
4.633333,139,0,139,0,data\chunk-000\file-000.parquet,-11.340659,-106.32967,98.32967,-98.41758,-10.945055,8.054227,-11.076923,-106.72527,96.74725,-98.28571,-10.857142,8.179582
4.6666665,140,0,140,0,data\chunk-000\file-000.parquet,-11.164835,-106.24176,98.32967,-98.15385,-10.505494,8.054227,-11.076923,-106.72527,96.74725,-98.28571,-10.857142,8.179582
4.7,141,0,141,0,data\chunk-000\file-000.parquet,-11.164835,-106.15385,98.32967,-98.06593,-10.4175825,8.054227,-11.076923,-106.72527,96.74725,-98.28571,-10.857142,8.179582
4.733333,142,0,142,0,data\chunk-000\file-000.parquet,-11.164835,-106.06593,98.32967,-97.97802,-10.4175825,8.054227,-11.076923,-106.72527,96.74725,-98.28571,-10.857142,8.179582
4.766667,143,0,143,0,data\chunk-000\file-000.parquet,-11.164835,-105.97802,98.32967,-97.89011,-10.4175825,8.054227,-11.076923,-106.72527,96.74725,-98.28571,-10.769231,8.179582
4.8,144,0,144,0,data\chunk-000\file-000.parquet,-11.164835,-105.97802,98.41758,-96.83517,-10.32967,8.054227,-11.076923,-106.72527,96.74725,-98.28571,-10.681318,8.179582
4.8333335,145,0,145,0,data\chunk-000\file-000.parquet,-11.164835,-105.97802,98.41758,-94.72527,-10.32967,8.054227,-11.076923,-106.72527,96.74725,-98.28571,-10.681318,8.179582
4.866667,146,0,146,0,data\chunk-000\file-000.parquet,-11.164835,-106.15385,98.41758,-92.0,-10.32967,8.054227,-11.076923,-106.72527,96.74725,-97.93407,-10.681318,8.179582
4.9,147,0,147,0,data\chunk-000\file-000.parquet,-11.164835,-106.24176,98.41758,-89.0989,-10.32967,8.054227,-11.076923,-106.72527,96.74725,-96.96703,-10.681318,8.179582
4.9333334,148,0,148,0,data\chunk-000\file-000.parquet,-11.164835,-106.24176,98.32967,-86.28571,-10.4175825,8.054227,-11.076923,-106.72527,96.74725,-95.38461,-10.681318,8.179582
4.9666667,149,0,149,0,data\chunk-000\file-000.parquet,-11.164835,-106.24176,97.97802,-83.38461,-10.593407,8.054227,-11.076923,-106.72527,96.74725,-93.27473,-10.681318,8.179582
5.0,150,0,150,0,data\chunk-000\file-000.parquet,-11.164835,-106.24176,96.74725,-80.65934,-10.593407,8.054227,-11.076923,-106.72527,96.74725,-90.9011,-10.681318,8.179582
5.0333333,151,0,151,0,data\chunk-000\file-000.parquet,-11.164835,-106.24176,95.16483,-77.75824,-10.505494,8.054227,-11.076923,-106.72527,96.74725,-88.35165,-10.681318,8.179582
5.0666666,152,0,152,0,data\chunk-000\file-000.parquet,-11.164835,-106.15385,93.49451,-74.50549,-10.505494,8.054227,-11.076923,-106.72527,96.74725,-85.62637,-10.681318,8.179582
5.1,153,0,153,0,data\chunk-000\file-000.parquet,-11.164835,-106.06593,91.56044,-70.98901,-10.505494,8.054227,-11.076923,-106.72527,96.57143,-82.9011,-10.681318,8.179582
5.133333,154,0,154,0,data\chunk-000\file-000.parquet,-11.164835,-106.06593,89.36264,-67.12088,-10.681318,8.054227,-11.076923,-106.72527,95.78022,-80.0,-10.681318,8.179582
5.1666665,155,0,155,0,data\chunk-000\file-000.parquet,-11.164835,-106.06593,86.98901,-62.98901,-10.769231,8.054227,-11.076923,-106.72527,94.72527,-77.01099,-10.681318,8.179582
5.2,156,0,156,0,data\chunk-000\file-000.parquet,-11.252748,-106.06593,84.61539,-58.945053,-10.857142,8.054227,-11.076923,-106.72527,93.14286,-73.75824,-10.681318,8.179582
5.233333,157,0,157,0,data\chunk-000\file-000.parquet,-11.340659,-106.06593,82.32967,-55.076923,-10.857142,8.054227,-11.076923,-106.72527,91.2967,-70.24176,-10.681318,8.179582
5.266667,158,0,158,0,data\chunk-000\file-000.parquet,-11.340659,-106.15385,80.21978,-51.472527,-11.032967,8.054227,-11.076923,-106.72527,89.27473,-66.54945,-10.681318,8.179582
5.3,159,0,159,0,data\chunk-000\file-000.parquet,-11.428572,-106.15385,78.1978,-48.21978,-11.032967,8.054227,-11.076923,-106.72527,87.16483,-62.76923,-10.681318,8.179582
5.3333335,160,0,160,0,data\chunk-000\file-000.parquet,-11.428572,-106.15385,76.26373,-45.406593,-11.032967,8.054227,-11.076923,-106.72527,85.05495,-58.9011,-10.681318,8.179582
5.366667,161,0,161,0,data\chunk-000\file-000.parquet,-11.428572,-106.15385,74.59341,-42.68132,-11.032967,8.054227,-11.076923,-106.72527,82.94505,-55.296703,-10.681318,8.179582
5.4,162,0,162,0,data\chunk-000\file-000.parquet,-11.428572,-106.15385,72.83517,-40.043957,-11.032967,8.054227,-11.076923,-106.72527,80.92308,-51.78022,-10.681318,8.179582
5.4333334,163,0,163,0,data\chunk-000\file-000.parquet,-11.516483,-106.24176,71.34066,-37.494507,-11.032967,8.054227,-11.076923,-106.72527,79.07692,-48.527473,-10.681318,8.179582
5.4666667,164,0,164,0,data\chunk-000\file-000.parquet,-11.516483,-106.24176,69.75824,-35.20879,-11.032967,8.054227,-11.076923,-106.72527,77.23077,-45.53846,-10.681318,8.179582
5.5,165,0,165,0,data\chunk-000\file-000.parquet,-11.516483,-106.24176,68.17583,-32.747253,-11.032967,8.054227,-11.076923,-106.72527,75.47253,-42.725273,-10.681318,8.179582
5.5333333,166,0,166,0,data\chunk-000\file-000.parquet,-11.516483,-106.06593,66.32967,-30.373627,-10.681318,8.054227,-11.076923,-106.72527,73.8022,-39.912086,-10.681318,8.179582
5.5666666,167,0,167,0,data\chunk-000\file-000.parquet,-11.516483,-105.97802,64.13187,-27.736263,-10.505494,7.9744816,-11.076923,-106.72527,72.13187,-37.362637,-10.681318,8.179582
5.6,168,0,168,0,data\chunk-000\file-000.parquet,-11.516483,-105.97802,61.67033,-24.923077,-10.769231,7.9744816,-11.076923,-106.72527,70.46154,-34.813187,-10.681318,8.179582
5.633333,169,0,169,0,data\chunk-000\file-000.parquet,-11.604396,-105.97802,58.857143,-22.021978,-10.945055,7.9744816,-11.076923,-106.72527,68.52747,-32.263737,-10.681318,8.179582
5.6666665,170,0,170,0,data\chunk-000\file-000.parquet,-11.604396,-105.97802,55.956043,-18.681318,-11.032967,7.9744816,-11.076923,-106.72527,66.50549,-29.538462,-10.681318,8.179582
5.7,171,0,171,0,data\chunk-000\file-000.parquet,-11.604396,-105.97802,53.142857,-15.252748,-11.032967,7.9744816,-11.076923,-106.72527,64.13187,-26.901098,-10.681318,8.179582
5.733333,172,0,172,0,data\chunk-000\file-000.parquet,-11.604396,-105.97802,50.153847,-11.4725275,-11.032967,7.9744816,-11.076923,-106.72527,61.582417,-24.0,-10.681318,8.179582
5.766667,173,0,173,0,data\chunk-000\file-000.parquet,-11.604396,-105.89011,47.34066,-7.5164833,-11.032967,7.9744816,-11.076923,-106.72527,58.857143,-20.923077,-10.681318,8.179582
5.8,174,0,174,0,data\chunk-000\file-000.parquet,-11.604396,-105.89011,44.527473,-3.3846154,-11.032967,7.9744816,-11.076923,-106.72527,56.043957,-17.582418,-10.681318,8.179582
5.8333335,175,0,175,0,data\chunk-000\file-000.parquet,-11.692307,-105.53846,41.978024,0.83516484,-11.032967,7.9744816,-11.076923,-106.72527,53.054947,-14.153846,-10.681318,8.179582
5.866667,176,0,176,0,data\chunk-000\file-000.parquet,-11.692307,-104.83517,39.604397,4.7912087,-11.032967,7.9744816,-11.076923,-106.72527,50.153847,-10.461538,-10.681318,8.179582
5.9,177,0,177,0,data\chunk-000\file-000.parquet,-11.692307,-103.78022,37.31868,8.659341,-11.032967,7.9744816,-11.076923,-106.72527,47.34066,-6.769231,-10.681318,8.179582
5.9333334,178,0,178,0,data\chunk-000\file-000.parquet,-11.692307,-102.28571,35.032967,11.824176,-11.032967,7.9744816,-11.076923,-106.72527,44.615383,-2.813187,-10.681318,8.179582
5.9666667,179,0,179,0,data\chunk-000\file-000.parquet,-11.692307,-100.61539,32.57143,14.725275,-11.032967,7.9744816,-11.076923,-106.54945,41.89011,0.96703297,-10.681318,8.179582
6.0,180,0,180,0,data\chunk-000\file-000.parquet,-11.692307,-98.68132,29.934067,17.098902,-11.032967,7.9744816,-11.076923,-105.75824,39.252747,4.835165,-10.681318,8.179582
6.0333333,181,0,181,0,data\chunk-000\file-000.parquet,-11.692307,-96.57143,27.472527,19.296703,-11.032967,7.9744816,-11.164835,-104.7033,36.703297,8.175824,-10.681318,8.179582
6.0666666,182,0,182,0,data\chunk-000\file-000.parquet,-11.692307,-94.28571,25.010988,21.23077,-11.032967,7.9744816,-11.164835,-103.38461,34.241756,11.516483,-10.681318,8.179582
6.1,183,0,183,0,data\chunk-000\file-000.parquet,-11.692307,-91.82417,22.285715,22.813187,-11.032967,7.9744816,-11.164835,-101.62637,31.692308,14.32967,-10.681318,8.179582
6.133333,184,0,184,0,data\chunk-000\file-000.parquet,-11.692307,-89.36264,19.56044,24.21978,-11.032967,7.9744816,-11.164835,-99.69231,29.142857,17.142857,-10.681318,8.179582
6.1666665,185,0,185,0,data\chunk-000\file-000.parquet,-11.692307,-86.72527,17.098902,25.45055,-11.032967,7.9744816,-11.164835,-97.49451,26.681318,19.34066,-10.681318,8.179582
6.2,186,0,186,0,data\chunk-000\file-000.parquet,-11.692307,-84.17583,14.373627,26.593407,-11.032967,7.9744816,-11.164835,-95.20879,24.131868,21.186813,-10.593407,8.179582
6.233333,187,0,187,0,data\chunk-000\file-000.parquet,-11.604396,-81.71429,11.736263,27.56044,-11.032967,7.9744816,-11.164835,-92.83517,21.494505,22.857143,-10.593407,8.179582
6.266667,188,0,188,0,data\chunk-000\file-000.parquet,-11.78022,-79.25275,9.010989,28.527473,-11.032967,7.9744816,-11.164835,-90.37363,18.857143,24.175825,-10.593407,8.179582
6.3,189,0,189,0,data\chunk-000\file-000.parquet,-12.483517,-76.61539,6.285714,29.67033,-11.032967,7.9744816,-11.164835,-88.0,16.21978,25.494505,-10.593407,8.179582
6.3333335,190,0,190,0,data\chunk-000\file-000.parquet,-13.802197,-74.06593,3.7362638,30.725275,-11.032967,8.054227,-11.164835,-85.45055,13.67033,26.637363,-10.593407,8.179582
6.366667,191,0,191,0,data\chunk-000\file-000.parquet,-15.296703,-71.25275,1.1868132,31.78022,-11.032967,8.054227,-11.692307,-82.81319,11.032967,27.868132,-10.593407,8.179582
6.4,192,0,192,0,data\chunk-000\file-000.parquet,-17.318682,-68.61539,-1.1868132,32.65934,-11.032967,8.054227,-12.571428,-80.26373,8.307693,29.010988,-10.593407,8.179582
6.4333334,193,0,193,0,data\chunk-000\file-000.parquet,-19.516483,-65.8022,-3.2967033,33.53846,-11.120879,8.054227,-13.714286,-77.8022,5.6703296,30.065933,-10.593407,8.179582
6.4666667,194,0,194,0,data\chunk-000\file-000.parquet,-22.065933,-62.98901,-5.3186812,34.32967,-11.120879,8.054227,-15.120879,-74.98901,3.1208792,31.120878,-10.593407,8.179582
6.5,195,0,195,0,data\chunk-000\file-000.parquet,-24.703297,-60.175823,-6.989011,35.20879,-11.120879,8.054227,-16.879122,-72.35165,0.74725276,32.087914,-10.593407,8.179582
6.5333333,196,0,196,0,data\chunk-000\file-000.parquet,-27.516483,-57.626373,-8.659341,36.175823,-11.120879,8.054227,-18.901098,-69.71429,-1.5384616,32.967033,-10.681318,8.179582
6.5666666,197,0,197,0,data\chunk-000\file-000.parquet,-30.417582,-55.076923,-10.32967,37.31868,-11.120879,8.054227,-21.186813,-66.81319,-3.6483517,33.846153,-10.681318,8.179582
6.6,198,0,198,0,data\chunk-000\file-000.parquet,-32.967033,-52.79121,-11.824176,38.725273,-11.120879,7.9744816,-23.56044,-64.17583,-5.4945054,34.813187,-10.681318,8.179582
6.633333,199,0,199,0,data\chunk-000\file-000.parquet,-35.076923,-50.945053,-13.142858,40.395603,-11.120879,7.9744816,-26.10989,-61.362637,-7.164835,35.868134,-10.769231,8.179582
6.6666665,200,0,200,0,data\chunk-000\file-000.parquet,-36.483517,-49.0989,-14.197803,42.153847,-11.120879,7.9744816,-28.65934,-58.637363,-8.835165,37.0989,-10.769231,8.179582
6.7,201,0,201,0,data\chunk-000\file-000.parquet,-37.362637,-47.604397,-15.164835,43.912086,-11.032967,8.054227,-31.208792,-56.087914,-10.241758,38.505493,-10.769231,8.179582
6.733333,202,0,202,0,data\chunk-000\file-000.parquet,-37.53846,-46.10989,-15.956044,45.758244,-11.120879,8.054227,-33.23077,-53.714287,-11.384615,40.087914,-10.769231,8.179582
6.766667,203,0,203,0,data\chunk-000\file-000.parquet,-37.53846,-44.87912,-16.65934,47.164837,-11.208791,8.054227,-34.637363,-51.692307,-12.439561,41.758244,-10.769231,8.179582
6.8,204,0,204,0,data\chunk-000\file-000.parquet,-37.714287,-43.64835,-17.098902,47.956043,-11.912087,8.054227,-35.516483,-49.67033,-13.318682,43.42857,-10.769231,8.179582
6.8333335,205,0,205,0,data\chunk-000\file-000.parquet,-37.626373,-42.505493,-17.538462,48.307693,-13.406593,7.9744816,-36.131866,-47.912086,-14.197803,45.01099,-10.857142,8.179582
6.866667,206,0,206,0,data\chunk-000\file-000.parquet,-37.53846,-41.274727,-17.714285,48.395603,-14.901099,7.894737,-36.57143,-46.32967,-14.725275,46.241756,-11.384615,8.179582
6.9,207,0,207,0,data\chunk-000\file-000.parquet,-37.53846,-40.043957,-17.626373,48.483517,-15.692307,7.894737,-36.835163,-44.835163,-15.252748,47.032967,-12.175824,8.179582
6.9333334,208,0,208,0,data\chunk-000\file-000.parquet,-37.626373,-39.076923,-17.45055,48.57143,-16.571428,7.894737,-36.923077,-43.42857,-15.516483,47.56044,-13.406593,8.179582
6.9666667,209,0,209,0,data\chunk-000\file-000.parquet,-37.626373,-38.197803,-17.45055,48.57143,-16.747253,7.894737,-37.01099,-42.10989,-15.692307,47.912086,-14.373627,8.179582
7.0,210,0,210,0,data\chunk-000\file-000.parquet,-37.626373,-37.31868,-17.274725,48.57143,-16.395605,7.9744816,-37.01099,-40.87912,-15.692307,48.175823,-15.164835,8.179582
7.0333333,211,0,211,0,data\chunk-000\file-000.parquet,-37.714287,-36.527473,-17.274725,48.57143,-16.395605,7.894737,-37.01099,-39.64835,-15.692307,48.35165,-15.604396,8.179582
7.0666666,212,0,212,0,data\chunk-000\file-000.parquet,-37.714287,-35.824177,-17.186813,48.57143,-16.307692,7.894737,-37.186813,-38.68132,-15.692307,48.35165,-15.78022,8.179582
7.1,213,0,213,0,data\chunk-000\file-000.parquet,-37.714287,-35.12088,-17.186813,48.57143,-16.307692,7.894737,-37.186813,-37.626373,-15.692307,48.43956,-15.868132,8.179582
7.133333,214,0,214,0,data\chunk-000\file-000.parquet,-37.714287,-34.153847,-17.186813,48.57143,-16.571428,7.894737,-37.362637,-36.835163,-15.692307,48.43956,-15.868132,8.179582
7.1666665,215,0,215,0,data\chunk-000\file-000.parquet,-37.802197,-32.835163,-16.923077,48.65934,-16.307692,7.894737,-37.362637,-35.956043,-15.692307,48.43956,-15.868132,8.179582
7.2,216,0,216,0,data\chunk-000\file-000.parquet,-37.802197,-31.252747,-16.21978,49.01099,-16.21978,7.9744816,-37.362637,-35.164837,-15.692307,48.43956,-16.043957,8.179582
7.233333,217,0,217,0,data\chunk-000\file-000.parquet,-37.714287,-29.494505,-15.604396,49.45055,-16.21978,8.054227,-37.362637,-34.10989,-15.692307,48.43956,-16.043957,8.179582
7.266667,218,0,218,0,data\chunk-000\file-000.parquet,-37.714287,-27.648352,-15.428572,50.505493,-16.131868,8.133971,-37.362637,-32.967033,-15.604396,48.527473,-16.043957,8.179582
7.3,219,0,219,0,data\chunk-000\file-000.parquet,-37.714287,-25.802198,-15.340659,52.263737,-16.131868,8.2137165,-37.362637,-31.736263,-15.252748,49.054947,-16.043957,8.179582
7.3333335,220,0,220,0,data\chunk-000\file-000.parquet,-37.626373,-24.043957,-15.340659,54.373627,-16.131868,8.61244,-37.362637,-29.802198,-15.252748,49.758244,-16.043957,8.179582
7.366667,221,0,221,0,data\chunk-000\file-000.parquet,-37.45055,-22.197802,-15.340659,57.186813,-16.043957,9.808613,-37.362637,-27.956043,-15.076923,50.98901,-16.043957,8.179582
7.4,222,0,222,0,data\chunk-000\file-000.parquet,-37.362637,-20.527473,-15.340659,60.43956,-15.868132,11.4832535,-37.362637,-26.10989,-15.076923,52.483517,-16.043957,8.241082
7.4333334,223,0,223,0,data\chunk-000\file-000.parquet,-37.362637,-18.76923,-15.340659,63.78022,-14.989011,13.397129,-37.362637,-24.263737,-15.076923,54.417583,-16.043957,8.856089
7.4666667,224,0,224,0,data\chunk-000\file-000.parquet,-37.362637,-17.186813,-15.076923,67.12088,-13.5824175,14.992025,-37.362637,-22.241758,-14.989011,56.87912,-16.043957,10.086101
7.5,225,0,225,0,data\chunk-000\file-000.parquet,-37.274727,-15.692307,-15.076923,70.28571,-12.263737,16.028708,-37.362637,-20.307692,-14.901099,59.516483,-15.604396,11.500615
7.5333333,226,0,226,0,data\chunk-000\file-000.parquet,-36.483517,-14.373627,-14.989011,73.62637,-11.208791,16.746412,-37.362637,-18.54945,-14.6373625,62.32967,-14.725275,13.038131
7.5666666,227,0,227,0,data\chunk-000\file-000.parquet,-35.164837,-13.318682,-14.989011,76.79121,-10.505494,17.145136,-37.362637,-16.791208,-14.6373625,65.49451,-13.67033,14.391144
7.6,228,0,228,0,data\chunk-000\file-000.parquet,-33.758244,-12.351648,-14.989011,80.21978,-9.89011,17.065392,-37.274727,-15.296703,-14.549451,68.57143,-12.615385,15.375154
7.633333,229,0,229,0,data\chunk-000\file-000.parquet,-32.703297,-11.648352,-14.901099,83.82417,-9.098901,17.065392,-36.483517,-13.978022,-14.549451,71.64835,-11.912087,15.99016
7.6666665,230,0,230,0,data\chunk-000\file-000.parquet,-31.736263,-11.032967,-14.901099,87.42857,-7.8681316,17.065392,-35.604397,-12.923077,-14.549451,74.81319,-11.120879,16.297663
7.7,231,0,231,0,data\chunk-000\file-000.parquet,-30.857143,-10.505494,-14.901099,90.41758,-6.197802,17.065392,-34.54945,-11.78022,-14.549451,78.15385,-10.4175825,16.482164
7.733333,232,0,232,0,data\chunk-000\file-000.parquet,-29.978022,-10.065934,-14.901099,93.05495,-4.175824,17.065392,-33.31868,-10.989011,-14.549451,81.58242,-9.450549,16.666666
7.766667,233,0,233,0,data\chunk-000\file-000.parquet,-28.747253,-9.538462,-14.901099,95.25275,-2.3296704,17.065392,-32.35165,-10.373627,-14.549451,85.01099,-8.043956,16.666666
7.8,234,0,234,0,data\chunk-000\file-000.parquet,-27.516483,-8.923077,-14.901099,97.01099,-0.83516484,17.145136,-31.472527,-9.846154,-14.549451,88.08791,-6.5494504,16.666666
7.8333335,235,0,235,0,data\chunk-000\file-000.parquet,-26.285715,-8.21978,-14.813187,98.24176,0.3956044,17.145136,-30.593407,-9.406593,-14.549451,90.98901,-4.7912087,16.666666
7.866667,236,0,236,0,data\chunk-000\file-000.parquet,-24.967033,-7.340659,-14.813187,98.94505,1.5384616,17.145136,-29.538462,-8.791209,-14.549451,93.36264,-3.2967033,16.666666
7.9,237,0,237,0,data\chunk-000\file-000.parquet,-23.56044,-6.6373625,-14.813187,99.20879,2.5934067,17.145136,-28.483517,-8.175824,-14.549451,95.20879,-1.8901099,16.666666
7.9333334,238,0,238,0,data\chunk-000\file-000.parquet,-22.417582,-5.934066,-14.813187,99.2967,3.4725275,17.145136,-27.164835,-7.3846154,-14.549451,96.61539,-0.5714286,16.666666
7.9666667,239,0,239,0,data\chunk-000\file-000.parquet,-21.274725,-5.230769,-14.813187,99.2967,4.0,17.145136,-25.758242,-6.5054946,-14.549451,97.58242,0.6593407,16.666666
8.0,240,0,240,0,data\chunk-000\file-000.parquet,-20.131868,-4.4395604,-14.549451,99.2967,4.3516483,17.145136,-24.527473,-5.714286,-14.549451,98.10989,1.7142857,16.666666
8.033334,241,0,241,0,data\chunk-000\file-000.parquet,-18.901098,-3.4725275,-13.5824175,99.03297,4.3516483,17.145136,-23.296703,-5.010989,-14.549451,98.54945,2.5054946,16.666666
8.066667,242,0,242,0,data\chunk-000\file-000.parquet,-17.758242,-2.5054946,-12.439561,98.94505,4.2637362,17.145136,-22.153847,-4.3076925,-14.285714,98.72527,3.1208792,16.666666
8.1,243,0,243,0,data\chunk-000\file-000.parquet,-16.615385,-1.5384616,-11.296703,98.76923,4.2637362,17.145136,-20.923077,-3.5164835,-13.5824175,98.72527,3.4725275,16.666666
8.133333,244,0,244,0,data\chunk-000\file-000.parquet,-15.648352,-0.5714286,-10.065934,98.06593,4.2637362,17.145136,-19.78022,-2.6373627,-12.615385,98.72527,3.6483517,16.666666
8.166667,245,0,245,0,data\chunk-000\file-000.parquet,-15.032967,0.21978022,-8.659341,97.01099,4.2637362,17.22488,-18.637363,-1.5824176,-11.560439,98.72527,3.8241758,16.666666
8.2,246,0,246,0,data\chunk-000\file-000.parquet,-14.769231,0.9230769,-7.164835,95.42857,4.2637362,17.22488,-17.582418,-0.61538464,-10.505494,98.54945,3.912088,16.666666
8.233334,247,0,247,0,data\chunk-000\file-000.parquet,-14.593407,1.5384616,-5.5824175,93.40659,4.2637362,17.22488,-16.527473,0.35164836,-9.098901,97.93407,3.912088,16.851168
8.266666,248,0,248,0,data\chunk-000\file-000.parquet,-14.505494,2.0659342,-4.175824,91.38461,4.2637362,17.22488,-15.824176,1.1428572,-7.7802196,97.05495,4.0,16.851168
8.3,249,0,249,0,data\chunk-000\file-000.parquet,-14.505494,2.5054946,-2.6813188,89.01099,4.2637362,17.304625,-15.384615,1.7582418,-6.285714,95.73627,4.0,16.912668
8.333333,250,0,250,0,data\chunk-000\file-000.parquet,-14.593407,2.945055,-1.2747253,86.81319,4.2637362,17.38437,-15.208791,2.3736265,-4.879121,93.97802,4.0,16.97417
8.366667,251,0,251,0,data\chunk-000\file-000.parquet,-14.593407,3.4725275,0.043956045,84.52747,4.2637362,18.261562,-15.120879,2.7252748,-3.4725275,92.21978,4.0,16.97417
8.4,252,0,252,0,data\chunk-000\file-000.parquet,-14.593407,3.912088,1.0989012,82.41758,4.2637362,19.617226,-15.120879,3.2527473,-1.978022,90.10989,4.0,17.097172
8.433333,253,0,253,0,data\chunk-000\file-000.parquet,-14.681318,4.4395604,2.0659342,80.30769,4.2637362,20.813396,-15.120879,3.7802198,-0.6593407,88.0,4.0,17.650677
8.466666,254,0,254,0,data\chunk-000\file-000.parquet,-14.681318,4.967033,2.857143,78.1978,4.2637362,21.610846,-15.120879,4.3076925,0.5714286,85.89011,4.0,18.573185
8.5,255,0,255,0,data\chunk-000\file-000.parquet,-14.681318,5.4945054,3.3846154,76.26373,4.175824,21.85008,-15.120879,4.923077,1.7142857,83.86813,4.0,19.618696
8.533334,256,0,256,0,data\chunk-000\file-000.parquet,-14.769231,6.10989,3.7362638,74.41758,3.8241758,21.929825,-15.120879,5.4505496,2.7692308,81.75824,4.0,20.541206
8.566667,257,0,257,0,data\chunk-000\file-000.parquet,-14.769231,6.7252746,4.0,72.83517,3.7362638,21.929825,-15.120879,5.978022,3.4725275,79.64835,3.912088,20.97171
8.6,258,0,258,0,data\chunk-000\file-000.parquet,-15.032967,7.428571,4.2637362,71.42857,3.6483517,21.929825,-15.120879,6.5934067,3.8241758,77.71429,3.912088,21.279213
8.633333,259,0,259,0,data\chunk-000\file-000.parquet,-15.824176,8.131868,4.4395604,70.37363,3.5604396,21.929825,-15.120879,7.120879,4.175824,75.86813,3.912088,21.463715
8.666667,260,0,260,0,data\chunk-000\file-000.parquet,-16.351648,8.835165,4.4395604,69.31868,3.5604396,21.929825,-15.120879,7.824176,4.5274725,74.1978,3.912088,21.525215
8.7,261,0,261,0,data\chunk-000\file-000.parquet,-16.791208,9.538462,4.5274725,68.35165,3.5604396,21.929825,-15.120879,8.439561,4.6153846,72.79121,3.912088,21.525215
8.733334,262,0,262,0,data\chunk-000\file-000.parquet,-17.054945,10.241758,4.6153846,67.38461,3.5604396,21.929825,-15.560439,9.230769,4.7032967,71.56044,3.912088,21.525215
8.766666,263,0,263,0,data\chunk-000\file-000.parquet,-17.406593,10.945055,4.6153846,66.50549,3.5604396,21.929825,-15.824176,9.934066,4.7912087,70.41758,3.912088,21.648216
8.8,264,0,264,0,data\chunk-000\file-000.parquet,-17.934067,11.560439,4.6153846,65.97802,3.4725275,21.929825,-16.263737,10.549451,4.967033,69.36264,3.912088,21.648216
8.833333,265,0,265,0,data\chunk-000\file-000.parquet,-18.373627,12.175824,4.6153846,65.36264,3.3846154,22.00957,-16.703297,11.252748,4.967033,68.30769,3.912088,21.648216
8.866667,266,0,266,0,data\chunk-000\file-000.parquet,-18.989012,12.791209,4.6153846,64.83517,2.5054946,22.00957,-17.142857,12.043956,4.967033,67.60439,3.912088,21.648216
8.9,267,0,267,0,data\chunk-000\file-000.parquet,-19.692308,13.406593,4.6153846,64.21978,1.6263736,22.00957,-17.494505,12.571428,4.967033,66.81319,3.7362638,21.648216
8.933333,268,0,268,0,data\chunk-000\file-000.parquet,-20.307692,13.846154,4.6153846,63.604397,1.0989012,22.00957,-18.021978,13.274725,4.967033,66.1978,3.2087913,21.648216
8.966666,269,0,269,0,data\chunk-000\file-000.parquet,-20.747253,14.373627,4.6153846,62.98901,0.74725276,22.00957,-18.54945,13.802197,4.967033,65.49451,2.4175825,21.648216
9.0,270,0,270,0,data\chunk-000\file-000.parquet,-21.186813,14.813187,4.6153846,62.637363,0.6593407,22.00957,-19.164835,14.32967,4.967033,64.87912,1.8901099,21.648216
9.033334,271,0,271,0,data\chunk-000\file-000.parquet,-21.538462,15.164835,4.6153846,62.197803,0.6593407,22.00957,-19.692308,14.857142,4.967033,64.17583,1.4505495,21.648216
9.066667,272,0,272,0,data\chunk-000\file-000.parquet,-21.626373,15.340659,4.6153846,61.758244,0.6593407,22.00957,-20.21978,15.384615,4.967033,63.736263,1.2747253,21.648216
9.1,273,0,273,0,data\chunk-000\file-000.parquet,-21.626373,15.340659,4.6153846,61.494507,0.6593407,22.00957,-20.65934,15.648352,4.967033,63.296703,1.1868132,21.648216
9.133333,274,0,274,0,data\chunk-000\file-000.parquet,-21.626373,15.340659,4.4395604,61.494507,0.6593407,22.00957,-20.923077,15.824176,4.967033,62.76923,1.0989012,21.648216
9.166667,275,0,275,0,data\chunk-000\file-000.parquet,-21.626373,15.340659,4.4395604,61.494507,0.6593407,21.85008,-21.098902,15.912087,4.967033,62.505493,1.0989012,21.648216
9.2,276,0,276,0,data\chunk-000\file-000.parquet,-21.538462,15.340659,4.4395604,61.67033,0.6593407,21.770334,-21.098902,15.912087,4.967033,62.32967,1.0989012,21.648216
9.233334,277,0,277,0,data\chunk-000\file-000.parquet,-21.45055,15.340659,4.3516483,61.67033,0.6593407,21.69059,-21.098902,15.912087,4.967033,62.241756,1.0989012,21.648216
9.266666,278,0,278,0,data\chunk-000\file-000.parquet,-21.362637,15.340659,4.3516483,61.582417,0.6593407,21.69059,-21.098902,15.912087,4.967033,62.241756,1.0989012,21.648216
9.3,279,0,279,0,data\chunk-000\file-000.parquet,-21.362637,15.340659,4.3516483,61.582417,0.6593407,21.69059,-21.098902,15.912087,4.967033,62.241756,1.0989012,21.648216
9.333333,280,0,280,0,data\chunk-000\file-000.parquet,-21.274725,15.340659,4.2637362,61.494507,0.6593407,21.69059,-21.098902,15.912087,5.054945,62.241756,1.0989012,21.648216
9.366667,281,0,281,0,data\chunk-000\file-000.parquet,-21.274725,15.340659,4.2637362,61.494507,0.6593407,21.610846,-21.098902,15.912087,5.054945,62.241756,1.0989012,21.648216
9.4,282,0,282,0,data\chunk-000\file-000.parquet,-21.274725,15.340659,4.2637362,61.494507,0.6593407,21.610846,-21.098902,15.912087,5.054945,62.241756,1.0989012,21.648216
9.433333,283,0,283,0,data\chunk-000\file-000.parquet,-21.274725,15.340659,4.2637362,61.406593,0.6593407,21.610846,-21.098902,15.912087,5.054945,62.241756,1.0989012,21.648216
9.466666,284,0,284,0,data\chunk-000\file-000.parquet,-21.274725,15.340659,4.2637362,61.054947,0.6593407,21.531101,-21.098902,15.912087,5.054945,62.241756,1.0989012,21.648216
9.5,285,0,285,0,data\chunk-000\file-000.parquet,-21.274725,15.340659,4.2637362,60.175823,0.6593407,21.052631,-21.098902,15.912087,5.054945,62.241756,1.0989012,21.648216
9.533334,286,0,286,0,data\chunk-000\file-000.parquet,-21.274725,15.340659,4.2637362,59.56044,0.6593407,19.776714,-21.098902,15.912087,5.054945,62.153847,1.0989012,21.648216
9.566667,287,0,287,0,data\chunk-000\file-000.parquet,-21.274725,15.428572,4.2637362,59.296703,0.48351648,17.942583,-21.098902,15.912087,5.054945,61.362637,1.0989012,21.340714
9.6,288,0,288,0,data\chunk-000\file-000.parquet,-21.274725,15.428572,4.2637362,59.296703,-0.21978022,15.789474,-21.098902,15.912087,5.054945,60.747253,1.0989012,20.602707
9.633333,289,0,289,0,data\chunk-000\file-000.parquet,-21.274725,15.428572,4.2637362,59.20879,-1.0989012,13.07815,-21.098902,15.912087,5.054945,60.395603,0.83516484,19.372694
9.666667,290,0,290,0,data\chunk-000\file-000.parquet,-21.186813,15.516483,4.2637362,59.032967,-1.978022,9.250399,-21.098902,15.912087,5.054945,60.21978,0.30769232,17.773678
9.7,291,0,291,0,data\chunk-000\file-000.parquet,-21.186813,15.604396,4.2637362,59.032967,-2.4175825,4.30622,-21.098902,15.912087,5.054945,60.043957,-0.30769232,15.867159
9.733334,292,0,292,0,data\chunk-000\file-000.parquet,-21.186813,15.692307,4.2637362,59.032967,-2.5054946,0.0,-21.098902,15.912087,5.054945,59.868134,-1.0109891,13.468635
9.766666,293,0,293,0,data\chunk-000\file-000.parquet,-21.186813,15.692307,4.2637362,59.032967,-2.3296704,0.31897926,-21.098902,15.912087,5.054945,59.78022,-1.5384616,10.393604
9.8,294,0,294,0,data\chunk-000\file-000.parquet,-21.186813,15.692307,4.2637362,59.032967,-2.3296704,1.1164274,-21.098902,15.912087,5.054945,59.78022,-1.8021978,7.380074
9.833333,295,0,295,0,data\chunk-000\file-000.parquet,-21.186813,15.692307,4.2637362,59.20879,-2.3296704,0.71770334,-21.098902,15.912087,5.054945,59.692307,-1.8901099,5.4735546
9.866667,296,0,296,0,data\chunk-000\file-000.parquet,-21.186813,15.692307,4.2637362,59.472527,-2.4175825,0.71770334,-21.098902,15.912087,5.054945,59.692307,-1.8901099,4.920049
9.9,297,0,297,0,data\chunk-000\file-000.parquet,-21.098902,15.692307,4.2637362,59.64835,-2.5054946,0.71770334,-21.098902,15.912087,5.054945,59.692307,-1.8901099,4.920049
9.933333,298,0,298,0,data\chunk-000\file-000.parquet,-21.098902,15.604396,4.2637362,60.615383,-2.6813188,0.71770334,-21.098902,15.912087,5.054945,59.692307,-1.8901099,4.920049
9.966666,299,0,299,0,data\chunk-000\file-000.parquet,-21.010988,15.340659,4.175824,61.846153,-2.5934067,0.71770334,-21.098902,15.912087,5.054945,59.692307,-1.978022,4.920049
10.0,300,0,300,0,data\chunk-000\file-000.parquet,-20.571428,15.340659,4.087912,63.164837,-2.4175825,0.71770334,-21.098902,15.912087,5.054945,59.956043,-2.1538463,4.920049
10.033334,301,0,301,0,data\chunk-000\file-000.parquet,-19.692308,15.252748,4.087912,64.30769,-2.3296704,0.71770334,-21.098902,15.912087,5.054945,60.835163,-2.2417583,4.920049
10.066667,302,0,302,0,data\chunk-000\file-000.parquet,-18.725275,14.989011,3.2087913,65.27473,-2.2417583,0.71770334,-21.098902,15.912087,5.054945,61.89011,-2.2417583,4.920049
10.1,303,0,303,0,data\chunk-000\file-000.parquet,-17.758242,14.197803,0.83516484,66.85714,-2.1538463,0.71770334,-20.747253,15.912087,4.967033,62.76923,-2.2417583,4.920049
10.133333,304,0,304,0,data\chunk-000\file-000.parquet,-16.879122,12.879121,-2.4175825,69.75824,-2.1538463,0.71770334,-20.21978,15.824176,4.967033,63.824177,-2.2417583,4.920049
10.166667,305,0,305,0,data\chunk-000\file-000.parquet,-15.736263,11.208791,-6.373626,72.74725,-2.0659342,0.71770334,-19.516483,15.824176,4.3516483,64.96703,-2.2417583,4.920049
10.2,306,0,306,0,data\chunk-000\file-000.parquet,-14.241758,9.538462,-10.769231,75.2967,-2.0659342,0.71770334,-18.637363,15.912087,2.7692308,66.81319,-2.2417583,4.920049
10.233334,307,0,307,0,data\chunk-000\file-000.parquet,-12.395604,8.131868,-15.252748,77.40659,-2.0659342,0.71770334,-17.582418,15.912087,0.74725276,69.0989,-2.2417583,4.920049
10.266666,308,0,308,0,data\chunk-000\file-000.parquet,-10.197803,6.9010987,-19.736263,79.34066,-2.0659342,0.71770334,-16.351648,15.736263,-1.978022,71.47253,-2.2417583,4.920049
10.3,309,0,309,0,data\chunk-000\file-000.parquet,-8.0,5.934066,-23.956043,81.01099,-2.1538463,0.71770334,-15.032967,15.032967,-5.142857,73.84615,-2.2417583,4.920049
10.333333,310,0,310,0,data\chunk-000\file-000.parquet,-5.626374,5.3186812,-28.0,82.50549,-2.4175825,0.71770334,-13.3626375,14.065934,-8.835165,75.95605,-2.2417583,4.920049
10.366667,311,0,311,0,data\chunk-000\file-000.parquet,-3.0769231,5.054945,-31.604395,84.0,-2.5934067,0.71770334,-11.516483,13.010989,-12.791209,77.89011,-2.2417583,4.920049
10.4,312,0,312,0,data\chunk-000\file-000.parquet,-0.35164836,4.967033,-34.593407,85.14286,-2.5934067,0.71770334,-9.494506,11.956044,-16.923077,79.73627,-2.2417583,4.920049
10.433333,313,0,313,0,data\chunk-000\file-000.parquet,2.1978023,4.967033,-36.967033,86.1978,-2.5934067,0.71770334,-7.2087913,11.076923,-21.142857,81.40659,-2.2417583,4.920049
10.466666,314,0,314,0,data\chunk-000\file-000.parquet,5.0989013,4.967033,-38.813187,86.9011,-2.6813188,0.71770334,-4.835165,10.461538,-25.010988,82.98901,-2.2417583,4.920049
10.5,315,0,315,0,data\chunk-000\file-000.parquet,7.824176,5.054945,-39.78022,87.34066,-2.4175825,0.71770334,-2.2857144,10.021978,-28.615385,84.13187,-2.2417583,4.920049
10.533334,316,0,316,0,data\chunk-000\file-000.parquet,10.461538,5.3186812,-39.604397,87.16483,-2.2417583,0.71770334,0.26373628,9.5824175,-31.428572,85.27473,-2.2417583,4.920049
10.566667,317,0,317,0,data\chunk-000\file-000.parquet,13.010989,6.021978,-38.813187,86.9011,-2.1538463,0.71770334,3.0769231,9.494506,-33.626373,85.97802,-2.2417583,4.920049
10.6,318,0,318,0,data\chunk-000\file-000.parquet,15.4725275,7.252747,-37.934067,86.10989,-2.1538463,0.71770334,5.714286,9.406593,-34.68132,86.32967,-2.2417583,4.920049
10.633333,319,0,319,0,data\chunk-000\file-000.parquet,17.582418,8.835165,-37.142857,84.87912,-2.0659342,0.71770334,8.351648,9.406593,-35.12088,86.32967,-2.2417583,4.920049
10.666667,320,0,320,0,data\chunk-000\file-000.parquet,19.34066,10.681318,-36.615383,83.73627,-1.7142857,0.71770334,10.989011,9.494506,-35.20879,86.32967,-2.2417583,4.920049
10.7,321,0,321,0,data\chunk-000\file-000.parquet,20.747253,12.615385,-36.527473,82.41758,-0.74725276,0.71770334,13.450549,10.10989,-35.12088,86.06593,-2.2417583,4.920049
10.733334,322,0,322,0,data\chunk-000\file-000.parquet,21.89011,14.813187,-36.43956,80.83517,0.21978022,0.71770334,15.648352,11.076923,-35.12088,85.27473,-2.1538463,4.920049
10.766666,323,0,323,0,data\chunk-000\file-000.parquet,22.857143,17.010988,-36.43956,79.34066,1.0109891,0.71770334,17.67033,12.395604,-35.12088,84.39561,-1.6263736,4.920049
10.8,324,0,324,0,data\chunk-000\file-000.parquet,23.648352,19.384615,-36.527473,77.84615,1.4505495,0.71770334,19.34066,14.065934,-35.12088,83.07692,-0.83516484,4.920049
10.833333,325,0,325,0,data\chunk-000\file-000.parquet,24.351648,21.934067,-36.615383,76.43956,1.5384616,0.71770334,20.747253,15.912087,-35.12088,81.67033,-0.13186814,4.920049
10.866667,326,0,326,0,data\chunk-000\file-000.parquet,24.967033,24.65934,-36.615383,75.20879,1.2747253,0.71770334,21.802198,18.021978,-35.12088,80.35165,0.3956044,4.920049
10.9,327,0,327,0,data\chunk-000\file-000.parquet,25.494505,27.296703,-36.615383,74.06593,0.9230769,0.71770334,22.593407,20.307692,-35.12088,78.94505,0.6593407,4.920049
10.933333,328,0,328,0,data\chunk-000\file-000.parquet,25.758242,30.021978,-36.615383,72.92308,0.83516484,0.71770334,23.384615,22.857143,-35.12088,77.71429,0.74725276,4.920049
10.966666,329,0,329,0,data\chunk-000\file-000.parquet,25.758242,32.57143,-36.703297,72.04395,0.74725276,0.71770334,24.087912,25.318682,-35.12088,76.48351,0.74725276,4.920049
11.0,330,0,330,0,data\chunk-000\file-000.parquet,25.67033,34.593407,-36.703297,71.16483,0.74725276,0.71770334,24.615385,27.956043,-35.12088,75.25275,0.74725276,4.920049
11.033334,331,0,331,0,data\chunk-000\file-000.parquet,25.494505,36.43956,-36.703297,70.28571,0.6593407,0.71770334,25.054945,30.505495,-35.12088,74.1978,0.74725276,4.920049
11.066667,332,0,332,0,data\chunk-000\file-000.parquet,25.406593,38.197803,-36.703297,69.75824,0.043956045,0.71770334,25.23077,33.054947,-35.12088,73.23077,0.74725276,4.920049
11.1,333,0,333,0,data\chunk-000\file-000.parquet,25.406593,39.604397,-36.79121,69.40659,-0.83516484,0.71770334,25.23077,35.42857,-35.032967,72.26373,0.74725276,4.920049
11.133333,334,0,334,0,data\chunk-000\file-000.parquet,25.318682,41.186813,-37.054947,69.23077,-1.5384616,0.71770334,25.23077,37.45055,-35.032967,71.47253,0.3956044,4.920049
11.166667,335,0,335,0,data\chunk-000\file-000.parquet,25.318682,42.505493,-37.846153,69.23077,-2.1538463,0.71770334,25.054945,39.296703,-35.032967,70.94505,-0.043956045,4.920049
11.2,336,0,336,0,data\chunk-000\file-000.parquet,25.23077,43.64835,-38.725273,69.23077,-2.7692308,0.71770334,24.967033,40.967033,-35.032967,70.59341,-0.6593407,4.920049
11.233334,337,0,337,0,data\chunk-000\file-000.parquet,25.23077,44.703297,-39.692307,69.23077,-3.2087913,0.71770334,24.967033,42.197803,-35.472527,70.24176,-1.2747253,4.920049
11.266666,338,0,338,0,data\chunk-000\file-000.parquet,25.23077,45.758244,-41.01099,69.23077,-3.6483517,0.71770334,24.967033,43.076923,-36.263737,70.06593,-1.8901099,4.920049
11.3,339,0,339,0,data\chunk-000\file-000.parquet,25.23077,46.813187,-42.593407,69.23077,-4.087912,0.71770334,24.967033,43.956043,-37.142857,70.06593,-2.4175825,4.920049
11.333333,340,0,340,0,data\chunk-000\file-000.parquet,25.23077,47.692307,-44.175823,69.23077,-4.6153846,0.71770334,24.967033,44.923077,-38.285713,70.06593,-2.857143,4.920049
11.366667,341,0,341,0,data\chunk-000\file-000.parquet,25.23077,48.483517,-45.67033,69.31868,-5.142857,0.71770334,24.967033,45.89011,-39.692307,70.06593,-3.3846154,4.920049
11.4,342,0,342,0,data\chunk-000\file-000.parquet,25.23077,49.274727,-46.98901,69.40659,-5.5824175,0.71770334,24.967033,46.857143,-41.186813,70.06593,-3.912088,4.920049
11.433333,343,0,343,0,data\chunk-000\file-000.parquet,25.23077,49.89011,-47.956043,69.40659,-6.021978,0.71770334,25.054945,47.736263,-42.593407,70.06593,-4.3516483,4.920049
11.466666,344,0,344,0,data\chunk-000\file-000.parquet,25.23077,50.505493,-48.835163,69.31868,-6.5494504,0.71770334,25.142857,48.615383,-44.0,70.06593,-4.879121,4.920049
11.5,345,0,345,0,data\chunk-000\file-000.parquet,25.23077,51.12088,-49.53846,69.31868,-7.076923,0.71770334,25.23077,49.31868,-45.23077,70.06593,-5.4065933,4.920049
11.533334,346,0,346,0,data\chunk-000\file-000.parquet,25.23077,51.56044,-50.065933,69.31868,-7.428571,0.71770334,25.23077,50.021976,-46.285713,70.06593,-5.8461537,4.920049
11.566667,347,0,347,0,data\chunk-000\file-000.parquet,25.23077,51.824177,-50.593407,69.31868,-7.6923075,0.71770334,25.23077,50.725273,-47.252747,70.06593,-6.285714,4.920049
11.6,348,0,348,0,data\chunk-000\file-000.parquet,25.23077,52.087914,-51.12088,69.31868,-7.7802196,0.71770334,25.318682,51.252747,-48.043957,70.06593,-6.7252746,4.920049
11.633333,349,0,349,0,data\chunk-000\file-000.parquet,25.23077,52.175823,-51.824177,69.31868,-7.7802196,0.71770334,25.318682,51.604397,-48.747253,70.06593,-7.076923,4.920049
11.666667,350,0,350,0,data\chunk-000\file-000.parquet,25.054945,52.175823,-52.43956,69.31868,-7.7802196,0.71770334,25.318682,52.043957,-49.362637,70.06593,-7.252747,4.920049
11.7,351,0,351,0,data\chunk-000\file-000.parquet,24.351648,52.087914,-53.23077,69.31868,-7.7802196,0.71770334,25.318682,52.131866,-49.89011,70.06593,-7.340659,4.8585486
11.733334,352,0,352,0,data\chunk-000\file-000.parquet,23.912088,51.912086,-54.021976,69.31868,-7.7802196,0.71770334,25.318682,52.21978,-50.417583,70.06593,-7.428571,4.8585486
11.766666,353,0,353,0,data\chunk-000\file-000.parquet,23.736263,51.912086,-54.725273,69.31868,-7.7802196,0.71770334,25.23077,52.21978,-50.857143,70.06593,-7.428571,4.8585486
11.8,354,0,354,0,data\chunk-000\file-000.parquet,23.736263,51.912086,-55.252747,69.58242,-7.7802196,0.71770334,25.054945,52.307693,-51.384617,70.06593,-7.428571,4.8585486
11.833333,355,0,355,0,data\chunk-000\file-000.parquet,23.648352,51.912086,-55.516483,69.75824,-7.7802196,0.71770334,24.967033,52.395603,-51.824177,70.06593,-7.428571,4.8585486
11.866667,356,0,356,0,data\chunk-000\file-000.parquet,23.384615,51.912086,-55.34066,69.75824,-7.7802196,0.79744816,24.791208,52.395603,-52.175823,70.06593,-7.428571,4.8585486
11.9,357,0,357,0,data\chunk-000\file-000.parquet,22.417582,51.824177,-55.252747,69.84615,-8.483517,0.9569378,24.527473,52.395603,-52.35165,70.06593,-7.428571,4.8585486
11.933333,358,0,358,0,data\chunk-000\file-000.parquet,21.538462,51.736263,-55.252747,70.81319,-9.3626375,1.8341308,24.263737,52.483517,-52.43956,70.06593,-7.5164833,4.8585486
11.966666,359,0,359,0,data\chunk-000\file-000.parquet,20.747253,51.64835,-55.604397,72.83517,-9.714286,4.2264752,23.824175,52.483517,-52.43956,70.06593,-7.9560437,4.8585486
12.0,360,0,360,0,data\chunk-000\file-000.parquet,20.131868,51.032967,-55.692307,75.12088,-9.450549,7.1770334,23.296703,52.483517,-52.527473,70.41758,-8.571428,4.8585486
12.033334,361,0,361,0,data\chunk-000\file-000.parquet,19.428572,49.802197,-55.868134,77.05495,-9.3626375,10.127592,22.681318,52.483517,-52.703297,71.38461,-8.923077,5.166052
12.066667,362,0,362,0,data\chunk-000\file-000.parquet,18.637363,47.692307,-56.483517,79.16483,-9.010989,12.200957,21.89011,52.483517,-52.967033,72.96703,-9.010989,6.396064
12.1,363,0,363,0,data\chunk-000\file-000.parquet,17.582418,45.142857,-57.274727,81.45055,-9.098901,13.317385,21.098902,52.395603,-53.23077,74.72527,-9.010989,7.872079
12.133333,364,0,364,0,data\chunk-000\file-000.parquet,16.615385,42.32967,-57.978024,83.2967,-9.626373,13.955343,20.307692,52.21978,-53.582417,76.48351,-9.010989,9.532596
12.166667,365,0,365,0,data\chunk-000\file-000.parquet,15.736263,39.516483,-58.505493,84.43956,-9.802197,14.2743225,19.34066,51.692307,-53.846153,78.50549,-9.010989,11.193112
12.2,366,0,366,0,data\chunk-000\file-000.parquet,14.857142,36.615383,-58.68132,85.05495,-9.802197,14.673046,18.461538,50.9011,-54.021976,80.52747,-9.274725,12.300123
12.233334,367,0,367,0,data\chunk-000\file-000.parquet,13.802197,33.89011,-58.857143,85.31868,-10.241758,15.071771,17.494505,49.582417,-54.197803,82.10989,-9.450549,12.97663
12.266666,368,0,368,0,data\chunk-000\file-000.parquet,12.571428,30.813187,-58.857143,85.23077,-11.384615,15.311005,16.527473,47.64835,-54.285713,83.25275,-9.538462,13.591636
12.3,369,0,369,0,data\chunk-000\file-000.parquet,11.340659,27.736263,-58.857143,85.05495,-13.142858,15.23126,15.560439,45.186813,-54.54945,83.95605,-9.89011,14.206642
12.333333,370,0,370,0,data\chunk-000\file-000.parquet,10.373627,24.395605,-58.857143,84.0,-14.813187,15.151515,14.505494,42.373627,-54.813187,84.30769,-10.593407,14.514145
12.366667,371,0,371,0,data\chunk-000\file-000.parquet,9.142858,21.054945,-58.857143,82.50549,-16.21978,15.071771,13.450549,39.296703,-55.076923,84.48351,-11.648352,14.698647
12.4,372,0,372,0,data\chunk-000\file-000.parquet,7.824176,17.626373,-58.857143,80.92308,-17.362637,15.071771,12.307693,36.131866,-55.252747,84.39561,-13.054945,14.698647
12.433333,373,0,373,0,data\chunk-000\file-000.parquet,6.5934067,14.373627,-58.857143,79.07692,-18.417582,15.071771,11.164835,32.79121,-55.34066,83.69231,-14.373627,14.698647
12.466666,374,0,374,0,data\chunk-000\file-000.parquet,5.1868134,11.120879,-58.505493,77.23077,-19.56044,15.071771,9.934066,29.362637,-55.34066,82.72527,-15.516483,14.698647
12.5,375,0,375,0,data\chunk-000\file-000.parquet,3.8681319,8.043956,-58.417583,75.64835,-20.791208,15.071771,8.615385,26.021978,-55.34066,81.49451,-16.747253,14.698647
12.533334,376,0,376,0,data\chunk-000\file-000.parquet,2.4615386,5.142857,-58.32967,74.32967,-22.10989,15.151515,7.2967033,22.593407,-55.34066,79.91209,-17.802198,14.698647
12.566667,377,0,377,0,data\chunk-000\file-000.parquet,0.8791209,2.4175825,-58.32967,73.71429,-23.34066,15.151515,5.978022,19.164835,-55.34066,78.50549,-19.032967,14.698647
12.6,378,0,378,0,data\chunk-000\file-000.parquet,-0.96703297,-0.043956045,-58.241756,73.62637,-24.483517,15.151515,4.659341,15.824176,-55.42857,77.0989,-20.351648,14.698647
12.633333,379,0,379,0,data\chunk-000\file-000.parquet,-2.901099,-2.3296704,-58.241756,73.71429,-25.45055,15.151515,3.1648352,12.395604,-55.42857,76.13187,-21.494505,14.698647
12.666667,380,0,380,0,data\chunk-000\file-000.parquet,-4.923077,-4.3516483,-57.978024,73.8022,-25.802198,15.151515,1.5824176,9.142858,-55.42857,75.60439,-22.637363,14.698647
12.7,381,0,381,0,data\chunk-000\file-000.parquet,-6.857143,-6.373626,-56.923077,73.8022,-25.714285,15.071771,-0.17582418,6.065934,-55.42857,75.34066,-23.78022,14.698647
12.733334,382,0,382,0,data\chunk-000\file-000.parquet,-8.5274725,-8.395604,-55.34066,73.89011,-25.45055,15.071771,-2.0219781,3.0769231,-55.516483,75.25275,-24.395605,14.698647
12.766666,383,0,383,0,data\chunk-000\file-000.parquet,-9.67033,-10.857142,-53.494507,74.41758,-25.362637,15.071771,-4.0439563,0.43956044,-55.516483,75.07692,-24.747253,14.698647
12.8,384,0,384,0,data\chunk-000\file-000.parquet,-10.6373625,-13.67033,-51.64835,75.73627,-24.65934,15.071771,-5.978022,-2.1098902,-55.076923,74.98901,-24.835165,14.698647
12.833333,385,0,385,0,data\chunk-000\file-000.parquet,-11.252748,-17.010988,-49.89011,77.23077,-23.252747,15.071771,-7.4725275,-4.923077,-54.10989,74.98901,-24.923077,14.698647
12.866667,386,0,386,0,data\chunk-000\file-000.parquet,-11.604396,-20.703297,-48.043957,79.07692,-21.318682,15.071771,-8.703297,-7.5604396,-52.703297,75.34066,-24.835165,14.698647
12.9,387,0,387,0,data\chunk-000\file-000.parquet,-11.692307,-24.835165,-46.021976,80.83517,-19.384615,15.071771,-9.758242,-10.373627,-51.296703,76.39561,-24.131868,14.698647
12.933333,388,0,388,0,data\chunk-000\file-000.parquet,-11.604396,-29.142857,-43.824177,82.15385,-17.714285,15.071771,-10.197803,-13.3626375,-49.714287,77.62637,-22.901098,14.698647
12.966666,389,0,389,0,data\chunk-000\file-000.parquet,-11.516483,-33.626373,-41.274727,82.85714,-16.395605,15.071771,-10.549451,-16.615385,-47.868134,79.12088,-21.494505,14.698647
13.0,390,0,390,0,data\chunk-000\file-000.parquet,-11.428572,-38.10989,-38.46154,82.68132,-15.252748,15.071771,-10.725275,-20.21978,-45.846153,80.52747,-20.0,14.698647
13.033334,391,0,391,0,data\chunk-000\file-000.parquet,-11.428572,-42.505493,-35.12088,82.59341,-14.10989,15.071771,-10.813187,-24.0,-43.736263,81.49451,-18.593407,14.698647
13.066667,392,0,392,0,data\chunk-000\file-000.parquet,-11.428572,-46.725273,-31.076923,81.45055,-12.879121,15.071771,-10.813187,-28.21978,-41.45055,81.93407,-17.362637,14.698647
13.1,393,0,393,0,data\chunk-000\file-000.parquet,-11.428572,-50.505493,-26.153847,79.95605,-11.648352,15.151515,-10.813187,-32.703297,-38.9011,82.10989,-16.043957,14.698647
13.133333,394,0,394,0,data\chunk-000\file-000.parquet,-11.428572,-54.197803,-20.703297,77.58242,-11.032967,15.23126,-10.989011,-37.362637,-35.912086,81.84615,-14.813187,14.698647
13.166667,395,0,395,0,data\chunk-000\file-000.parquet,-11.428572,-57.978024,-14.549451,74.68132,-10.857142,15.311005,-10.989011,-42.46154,-32.483517,81.14286,-13.494506,14.698647
13.2,396,0,396,0,data\chunk-000\file-000.parquet,-11.428572,-61.758244,-8.307693,70.98901,-10.945055,15.311005,-10.989011,-46.76923,-28.615385,80.0,-12.615385,14.760148
13.233334,397,0,397,0,data\chunk-000\file-000.parquet,-11.428572,-65.62637,-2.1538463,66.32967,-11.384615,15.311005,-11.164835,-51.164837,-24.571428,78.06593,-12.175824,14.94465
13.266666,398,0,398,0,data\chunk-000\file-000.parquet,-11.428572,-69.58242,4.3516483,61.23077,-11.736263,15.39075,-11.164835,-55.384617,-19.912088,75.60439,-11.912087,14.94465
13.3,399,0,399,0,data\chunk-000\file-000.parquet,-11.428572,-73.45055,10.945055,55.42857,-12.0,15.39075,-11.252748,-59.692307,-14.549451,72.61539,-11.824176,14.94465
13.333333,400,0,400,0,data\chunk-000\file-000.parquet,-11.428572,-77.49451,17.010988,49.53846,-12.0,15.39075,-11.252748,-63.56044,-8.571428,69.0989,-11.824176,14.94465
13.366667,401,0,401,0,data\chunk-000\file-000.parquet,-11.428572,-81.53846,22.989012,43.472527,-12.0,15.39075,-11.252748,-67.42857,-2.3296704,64.96703,-11.824176,14.94465
13.4,402,0,402,0,data\chunk-000\file-000.parquet,-11.428572,-85.67033,28.879122,37.758244,-12.0,15.39075,-11.164835,-70.85714,3.912088,60.395603,-11.824176,14.94465
13.433333,403,0,403,0,data\chunk-000\file-000.parquet,-11.428572,-89.62637,34.593407,32.395603,-12.0,15.39075,-11.164835,-74.63736,10.241758,55.384617,-11.824176,14.94465
13.466666,404,0,404,0,data\chunk-000\file-000.parquet,-11.428572,-93.75824,40.131866,27.208792,-12.0,15.39075,-11.164835,-78.59341,16.395605,50.285713,-11.824176,14.94465
13.5,405,0,405,0,data\chunk-000\file-000.parquet,-11.428572,-97.8022,45.758244,22.285715,-12.0,15.39075,-11.164835,-82.63736,22.285715,44.923077,-11.824176,14.94465
13.533334,406,0,406,0,data\chunk-000\file-000.parquet,-11.428572,-101.84615,51.032967,17.45055,-12.0,15.39075,-11.164835,-86.85714,28.175825,39.64835,-11.824176,14.94465
13.566667,407,0,407,0,data\chunk-000\file-000.parquet,-11.516483,-105.45055,55.78022,12.791209,-12.0,15.39075,-11.164835,-90.9011,33.978024,34.197803,-11.824176,14.94465
13.6,408,0,408,0,data\chunk-000\file-000.parquet,-11.516483,-108.52747,59.384617,8.307693,-12.0,15.23126,-11.164835,-95.12088,39.692307,29.010988,-11.824176,14.94465
13.633333,409,0,409,0,data\chunk-000\file-000.parquet,-11.604396,-109.14286,62.285713,4.0,-12.0,15.23126,-11.164835,-98.9011,45.23077,23.824175,-11.824176,14.94465
13.666667,410,0,410,0,data\chunk-000\file-000.parquet,-11.692307,-108.17583,64.21978,-0.21978022,-12.0,15.23126,-11.164835,-102.68132,50.241756,18.901098,-11.824176,14.94465
13.7,411,0,411,0,data\chunk-000\file-000.parquet,-11.692307,-107.12088,65.8022,-4.6153846,-12.0,15.151515,-11.164835,-105.49451,54.813187,13.978022,-11.824176,14.94465
13.733334,412,0,412,0,data\chunk-000\file-000.parquet,-11.692307,-106.06593,66.94505,-8.747252,-11.912087,15.151515,-11.252748,-106.28571,58.417583,9.230769,-11.824176,14.94465
13.766666,413,0,413,0,data\chunk-000\file-000.parquet,-11.78022,-105.45055,67.64835,-12.791209,-11.912087,15.151515,-11.252748,-106.37363,61.406593,4.571429,-11.824176,14.94465
13.8,414,0,414,0,data\chunk-000\file-000.parquet,-11.78022,-105.36264,68.35165,-16.395605,-11.648352,15.311005,-11.164835,-106.1978,63.868134,0.26373628,-11.824176,14.94465
13.833333,415,0,415,0,data\chunk-000\file-000.parquet,-11.78022,-105.36264,69.05495,-19.912088,-11.560439,15.311005,-11.076923,-105.58242,65.71429,-4.0439563,-11.824176,14.94465
13.866667,416,0,416,0,data\chunk-000\file-000.parquet,-11.78022,-105.36264,70.02198,-23.076923,-11.824176,15.311005,-11.076923,-105.49451,67.12088,-8.175824,-11.824176,14.94465
13.9,417,0,417,0,data\chunk-000\file-000.parquet,-11.78022,-105.36264,70.98901,-25.802198,-11.736263,15.311005,-11.076923,-106.02198,68.26373,-12.21978,-11.824176,14.94465
13.933333,418,0,418,0,data\chunk-000\file-000.parquet,-11.78022,-105.36264,72.04395,-28.703297,-11.384615,15.311005,-11.252748,-106.1978,69.14286,-16.175825,-11.824176,14.94465
13.966666,419,0,419,0,data\chunk-000\file-000.parquet,-11.78022,-105.36264,73.0989,-31.428572,-11.296703,15.311005,-11.516483,-106.1978,70.02198,-20.131868,-11.824176,14.94465
14.0,420,0,420,0,data\chunk-000\file-000.parquet,-11.692307,-105.36264,74.32967,-34.065933,-11.296703,15.311005,-11.516483,-106.1978,71.07692,-23.032967,-11.824176,14.94465
14.033334,421,0,421,0,data\chunk-000\file-000.parquet,-11.604396,-105.36264,75.64835,-37.054947,-11.296703,15.39075,-11.516483,-106.1978,72.30769,-25.934067,-11.648352,14.94465
14.066667,422,0,422,0,data\chunk-000\file-000.parquet,-11.516483,-105.36264,77.05495,-40.835163,-11.296703,15.39075,-11.516483,-106.10989,73.45055,-28.923077,-11.560439,14.94465
14.1,423,0,423,0,data\chunk-000\file-000.parquet,-11.516483,-105.36264,78.54945,-45.582417,-11.296703,15.39075,-11.516483,-106.10989,74.68132,-32.0,-11.4725275,14.94465
14.133333,424,0,424,0,data\chunk-000\file-000.parquet,-11.428572,-105.36264,80.30769,-50.68132,-11.296703,15.39075,-11.516483,-106.10989,75.82417,-35.164837,-11.4725275,14.94465
14.166667,425,0,425,0,data\chunk-000\file-000.parquet,-11.428572,-105.36264,82.32967,-56.395603,-11.296703,15.39075,-11.516483,-106.1978,77.31868,-39.20879,-11.560439,14.94465
14.2,426,0,426,0,data\chunk-000\file-000.parquet,-11.428572,-105.36264,84.43956,-61.758244,-11.296703,15.23126,-11.516483,-106.1978,78.81319,-42.46154,-11.560439,14.94465
14.233334,427,0,427,0,data\chunk-000\file-000.parquet,-11.428572,-105.36264,86.63736,-67.20879,-11.296703,15.151515,-11.516483,-106.10989,80.65934,-46.857143,-11.560439,14.94465
14.266666,428,0,428,0,data\chunk-000\file-000.parquet,-11.428572,-105.36264,88.65934,-72.13187,-11.296703,15.151515,-11.516483,-106.10989,82.50549,-51.78022,-11.560439,14.94465
14.3,429,0,429,0,data\chunk-000\file-000.parquet,-11.428572,-105.36264,90.76923,-76.7033,-11.296703,15.151515,-11.516483,-106.10989,84.52747,-57.142857,-11.560439,14.94465
14.333333,430,0,430,0,data\chunk-000\file-000.parquet,-11.428572,-105.36264,92.96703,-80.65934,-11.296703,15.151515,-11.516483,-106.10989,86.54945,-62.065933,-11.560439,14.94465
14.366667,431,0,431,0,data\chunk-000\file-000.parquet,-11.428572,-105.36264,95.07692,-84.7033,-11.296703,15.151515,-11.516483,-106.10989,88.65934,-66.81319,-11.560439,14.94465
14.4,432,0,432,0,data\chunk-000\file-000.parquet,-11.428572,-105.36264,96.83517,-88.48351,-11.296703,15.151515,-11.516483,-106.10989,90.68132,-71.64835,-11.560439,14.94465
14.433333,433,0,433,0,data\chunk-000\file-000.parquet,-11.428572,-105.0989,98.24176,-91.2967,-11.296703,15.151515,-11.516483,-106.10989,92.79121,-76.21978,-11.560439,14.94465
14.466666,434,0,434,0,data\chunk-000\file-000.parquet,-11.428572,-105.0989,98.59341,-92.79121,-11.296703,15.151515,-11.516483,-106.10989,94.72527,-80.61539,-11.560439,14.94465
14.5,435,0,435,0,data\chunk-000\file-000.parquet,-11.428572,-105.27473,98.59341,-92.96703,-11.296703,15.151515,-11.428572,-106.10989,95.95605,-84.57143,-11.560439,14.94465
14.533334,436,0,436,0,data\chunk-000\file-000.parquet,-11.428572,-105.27473,98.59341,-93.14286,-11.296703,15.151515,-11.428572,-106.10989,96.48351,-87.82417,-11.560439,14.94465
14.566667,437,0,437,0,data\chunk-000\file-000.parquet,-11.428572,-105.27473,98.59341,-93.23077,-11.296703,15.23126,-11.428572,-106.1978,96.57143,-89.75824,-11.560439,14.94465
14.6,438,0,438,0,data\chunk-000\file-000.parquet,-11.428572,-105.27473,98.59341,-93.23077,-11.296703,15.23126,-11.428572,-106.1978,96.65934,-90.9011,-11.560439,14.94465
14.633333,439,0,439,0,data\chunk-000\file-000.parquet,-11.428572,-105.27473,98.59341,-93.23077,-11.296703,15.23126,-11.428572,-106.1978,96.65934,-91.69231,-11.560439,14.94465
14.666667,440,0,440,0,data\chunk-000\file-000.parquet,-11.428572,-105.27473,98.59341,-93.23077,-11.560439,15.23126,-11.428572,-106.1978,96.74725,-92.21978,-11.560439,14.94465
14.7,441,0,441,0,data\chunk-000\file-000.parquet,-11.428572,-105.27473,98.59341,-93.14286,-11.560439,15.23126,-11.428572,-106.1978,96.74725,-92.48351,-11.648352,14.94465
14.733334,442,0,442,0,data\chunk-000\file-000.parquet,-11.428572,-105.27473,98.59341,-93.14286,-11.560439,15.23126,-11.428572,-106.1978,96.74725,-92.65934,-11.648352,14.94465
14.766666,443,0,443,0,data\chunk-000\file-000.parquet,-11.516483,-105.27473,98.59341,-93.14286,-11.560439,15.23126,-11.428572,-106.1978,96.74725,-92.65934,-11.648352,14.94465
14.8,444,0,444,0,data\chunk-000\file-000.parquet,-11.516483,-105.27473,98.59341,-93.14286,-11.560439,15.23126,-11.428572,-106.1978,96.74725,-92.65934,-11.648352,14.94465
14.833333,445,0,445,0,data\chunk-000\file-000.parquet,-11.516483,-105.27473,98.59341,-93.14286,-11.648352,15.23126,-11.428572,-106.1978,96.74725,-92.74725,-11.648352,14.94465
14.866667,446,0,446,0,data\chunk-000\file-000.parquet,-11.516483,-105.27473,98.59341,-93.14286,-11.648352,15.23126,-11.428572,-106.1978,96.74725,-92.83517,-11.648352,14.94465
14.9,447,0,447,0,data\chunk-000\file-000.parquet,-11.516483,-105.27473,98.59341,-93.14286,-11.648352,15.23126,-11.428572,-106.1978,96.74725,-92.83517,-11.648352,14.94465
14.933333,448,0,448,0,data\chunk-000\file-000.parquet,-11.516483,-105.27473,98.59341,-93.14286,-11.648352,15.23126,-11.428572,-106.1978,96.74725,-92.83517,-11.648352,14.94465
14.966666,449,0,449,0,data\chunk-000\file-000.parquet,-11.516483,-105.27473,98.59341,-93.14286,-11.648352,15.23126,-11.428572,-106.1978,96.74725,-92.83517,-11.648352,14.94465
15.0,450,0,450,0,data\chunk-000\file-000.parquet,-11.516483,-105.27473,98.59341,-93.14286,-11.648352,15.23126,-11.428572,-106.1978,96.74725,-92.83517,-11.648352,14.94465
15.033334,451,0,451,0,data\chunk-000\file-000.parquet,-11.516483,-105.27473,98.59341,-93.14286,-11.648352,15.23126,-11.428572,-106.1978,96.74725,-92.83517,-11.648352,14.94465
15.066667,452,0,452,0,data\chunk-000\file-000.parquet,-11.516483,-105.27473,98.59341,-93.14286,-11.648352,15.23126,-11.428572,-106.1978,96.74725,-92.83517,-11.648352,14.94465
